id,width,height,initialFrame,finalFrame,numFrames,class,drivingDirection,traveledDistance,minXVelocity,maxXVelocity,meanXVelocity,minDHW,minTHW,minTTC,numLaneChanges
1,19.10,2.50,1,31,31,Truck,1,24.21,20.08,20.28,20.18,-1.00,-1.00,-1.00,0
2,5.05,2.12,1,38,38,Car,1,52.74,35.67,36.16,35.90,-1.00,-1.00,-1.00,0
3,4.95,2.02,1,40,40,Car,2,53.84,34.51,34.82,34.67,-1.00,-1.00,-1.00,0
4,4.55,1.82,1,77,77,Car,2,91.17,29.61,30.53,30.05,40.03,1.35,-1.00,0
5,16.17,2.50,1,132,132,Truck,1,124.99,23.61,23.96,23.87,79.31,3.32,22.05,0
6,3.74,1.72,1,137,137,Car,1,144.29,24.97,28.17,26.57,15.98,0.63,11.06,1
7,3.94,1.72,1,165,165,Car,2,227.76,34.41,35.28,34.76,112.04,3.23,26.05,0
8,4.75,1.92,1,170,170,Car,1,230.32,33.54,34.52,34.10,16.70,0.49,1.65,1
9,4.55,1.92,1,194,194,Car,2,273.62,35.07,36.13,35.47,36.86,1.03,55.64,0
10,5.15,2.02,1,210,210,Car,1,321.14,38.28,38.66,38.44,48.52,1.25,9.46,0
11,17.08,2.50,1,223,223,Truck,1,213.21,23.50,24.29,24.02,53.35,2.27,166.95,0
12,4.04,1.92,1,295,295,Car,1,361.05,30.31,31.22,30.72,83.54,2.72,12.47,0
13,17.08,2.50,1,395,395,Truck,1,384.15,24.15,24.73,24.39,150.20,6.21,43.69,0
14,19.00,2.50,2,124,123,Truck,2,117.68,23.93,24.47,24.15,-1.00,-1.00,-1.00,0
15,7.58,2.50,2,213,212,Truck,1,176.52,20.61,21.09,20.93,-1.00,-1.00,-1.00,0
16,16.98,2.50,59,466,408,Truck,1,407.64,24.33,25.48,25.05,53.03,2.12,59.56,0
17,4.65,1.92,65,358,294,Car,1,403.19,31.34,38.05,34.41,83.71,2.56,17.08,0
18,4.35,1.72,119,366,248,Car,2,402.08,39.76,41.33,40.72,296.38,7.43,68.05,1
19,4.85,1.92,138,424,287,Car,1,402.54,33.41,37.35,35.21,84.93,2.46,27.13,0
20,16.57,2.50,159,588,430,Truck,2,408.28,23.66,24.18,23.80,41.17,1.73,-1.00,0
21,4.65,1.92,164,430,267,Car,1,402.81,36.98,39.01,37.87,13.40,0.34,3.13,1
22,4.85,1.92,189,627,439,Car,2,411.49,23.06,24.01,23.50,25.42,1.10,3111.85,0
23,4.65,2.02,194,476,283,Car,2,410.26,36.09,37.11,36.38,406.33,11.21,4414.15,1
24,14.15,2.50,220,656,437,Truck,2,409.54,23.37,23.72,23.50,11.55,0.49,20.44,0
25,19.30,2.50,226,632,407,Truck,1,408.90,25.00,25.70,25.19,18.62,0.73,-1.00,0
26,5.05,2.02,237,505,269,Car,2,409.92,37.79,38.71,38.26,47.09,1.23,25.95,0
27,4.35,1.72,246,585,340,Car,1,404.09,29.11,30.57,29.82,164.70,5.56,-1.00,1
28,6.27,2.32,260,605,346,Car,1,410.77,29.20,30.78,29.78,155.36,5.28,30.72,0
29,4.55,1.92,271,561,291,Car,2,409.01,35.00,35.96,35.27,46.20,1.31,-1.00,0
30,5.15,2.02,278,534,257,Car,2,401.40,38.69,40.10,39.22,-1.00,-1.00,-1.00,0
31,4.35,1.92,364,660,297,Car,2,402.84,33.83,34.41,34.04,126.60,3.68,-1.00,0
32,4.35,1.92,403,687,285,Car,2,402.02,34.53,36.81,35.40,33.06,0.95,18.88,1
33,13.54,2.50,407,810,404,Truck,2,408.66,25.15,25.69,25.37,16.57,0.65,79.51,0
34,6.16,2.22,428,701,274,Car,2,401.30,34.79,38.66,36.77,15.55,0.44,12.04,1
35,7.28,2.50,428,764,337,Truck,2,398.57,29.36,30.27,29.67,29.90,0.98,-1.00,1
36,4.75,2.02,455,704,250,Car,2,402.18,39.06,42.48,40.41,31.10,0.78,10.91,0
37,4.45,1.82,468,739,272,Car,2,410.39,36.90,39.66,37.89,21.41,0.57,3.38,1
38,4.75,1.82,470,755,286,Car,1,410.43,35.67,36.81,36.03,211.10,5.91,32.57,0
39,8.19,2.50,483,892,410,Truck,2,408.72,24.68,25.32,24.99,70.06,2.83,-1.00,0
40,4.45,1.82,570,860,291,Car,2,409.70,34.57,36.48,35.33,130.15,3.70,23.58,0
41,4.55,1.82,615,914,300,Car,2,409.78,33.92,35.01,34.29,59.17,1.74,-1.00,0
42,4.85,1.92,649,989,341,Car,1,408.67,29.79,30.47,30.07,38.98,1.30,-1.00,0
43,5.05,2.12,652,915,264,Car,1,410.63,38.40,40.26,39.06,-1.00,-1.00,-1.00,1
44,4.85,2.02,666,945,280,Car,2,409.75,36.45,37.42,36.74,292.26,7.97,-1.00,0
45,4.55,2.02,715,991,277,Car,1,410.25,35.32,38.81,37.18,68.47,1.77,8.03,1
46,16.98,2.50,723,1183,461,Truck,2,408.88,22.07,22.65,22.23,222.32,10.07,-1.00,0
47,18.70,2.50,744,1153,410,Truck,2,408.54,24.85,25.34,24.98,154.83,6.17,-1.00,0
48,5.56,2.73,750,1161,412,Car,1,410.81,24.70,25.52,25.00,48.82,1.91,-1.00,0
49,18.80,2.50,781,1188,408,Truck,2,408.82,25.01,25.25,25.12,15.63,0.62,6.09,1
50,17.08,2.50,805,1227,423,Truck,2,408.00,23.93,25.08,24.18,8.89,0.36,1678.87,0
51,8.39,2.50,842,1236,395,Truck,1,397.53,25.07,25.77,25.24,79.47,3.13,118.70,0
52,4.24,1.82,891,1150,260,Car,2,409.86,38.83,40.39,39.59,73.33,1.87,4.95,1
53,17.18,2.50,937,1353,417,Truck,2,408.09,24.35,25.02,24.54,148.71,6.09,59.51,0
54,3.74,1.72,962,1261,300,Car,1,404.06,33.45,34.33,33.80,370.33,10.91,92.62,0
55,5.05,1.92,969,1222,254,Car,2,400.29,36.90,40.45,39.58,112.36,2.80,110.15,0
56,5.46,2.12,980,1278,299,Car,1,401.85,33.27,34.15,33.73,17.73,0.52,53.11,0
57,16.98,2.50,1006,1416,411,Truck,2,408.78,24.44,25.28,24.94,46.01,1.82,59.08,0
58,4.04,1.82,1077,1368,292,Car,1,402.61,34.02,35.13,34.61,176.45,5.15,19.54,1
59,4.65,2.02,1099,1438,340,Car,2,410.87,30.04,30.94,30.32,250.14,8.32,41.64,0
60,4.04,1.82,1103,1400,298,Car,1,408.53,34.16,34.76,34.41,29.66,0.86,73.18,0
61,4.45,1.92,1126,1399,274,Car,1,409.43,37.10,38.32,37.51,35.44,0.94,15.32,0
62,4.35,1.92,1167,1499,333,Car,2,410.08,30.49,31.14,30.89,70.52,2.28,79.79,0
63,4.95,1.92,1177,1470,294,Car,1,402.40,33.71,35.00,34.36,94.95,2.74,126.26,0
64,5.46,2.12,1189,1474,286,Car,1,409.24,35.54,36.35,35.92,89.35,2.46,-1.00,0
65,4.55,1.82,1247,1556,310,Car,2,410.45,32.40,34.94,33.22,74.71,2.21,27.65,0
66,4.75,2.02,1267,1530,264,Car,2,410.76,38.63,39.71,39.06,-1.00,-1.00,-1.00,0
67,4.24,1.82,1297,1564,268,Car,1,408.55,38.08,38.58,38.26,132.89,3.48,51.24,1
68,4.85,1.92,1298,1594,297,Car,1,410.08,33.98,35.88,34.65,156.70,4.51,93.52,0
69,5.05,2.12,1325,1619,295,Car,1,410.88,34.40,36.85,34.96,29.41,0.85,71.47,2
70,9.20,2.50,1329,1771,443,Truck,1,408.62,22.75,23.67,23.12,30.39,1.29,-1.00,1
71,4.04,1.82,1347,1700,354,Car,2,404.55,28.36,28.99,28.67,326.97,11.29,88.06,0
72,4.85,1.92,1401,1700,300,Car,2,410.35,33.90,35.08,34.33,17.25,0.49,119.30,0
73,5.05,2.02,1412,1676,265,Car,2,402.02,37.58,38.84,38.09,219.87,5.66,1261.18,1
74,17.08,2.50,1425,1853,429,Truck,2,407.55,23.60,24.16,23.81,70.92,3.00,-1.00,0
75,4.35,1.82,1444,1714,271,Car,2,410.17,37.53,39.41,38.00,45.85,1.21,323.63,0
76,5.05,1.92,1462,1732,271,Car,2,403.14,36.80,37.94,37.34,51.19,1.36,17.89,0
77,6.37,2.50,1466,1887,422,Truck,1,408.27,23.97,24.61,24.25,12.01,0.50,80.22,0
78,4.24,1.92,1475,1804,330,Car,1,403.75,30.00,31.54,30.69,50.57,1.64,6.62,2
79,4.45,1.92,1498,1803,306,Car,1,404.22,30.84,34.40,33.15,24.15,0.75,23.84,0
80,12.63,2.50,1507,1925,419,Truck,2,406.90,23.99,25.19,24.36,57.48,2.38,47.49,0
81,6.16,2.32,1518,1849,332,Car,1,411.28,30.04,32.55,31.08,44.35,1.38,7.45,1
82,4.65,1.92,1529,1781,253,Car,2,410.77,39.98,42.15,40.78,106.64,2.59,41.38,0
83,9.60,2.22,1536,1932,397,Car,1,377.09,23.37,24.30,23.83,26.90,1.11,205.89,0
84,10.11,2.53,1554,1986,433,Car,1,409.36,22.99,25.02,23.70,34.63,1.46,35.18,0
85,4.85,1.92,1621,1891,271,Car,2,402.89,36.83,38.53,37.32,142.25,3.85,-1.00,0
86,5.15,2.02,1622,1924,303,Car,2,409.54,33.42,34.75,33.92,231.99,6.74,-1.00,0
87,4.24,1.82,1678,1981,304,Car,1,401.33,32.71,34.40,33.13,42.16,1.28,4.57,1
88,4.95,1.92,1689,1928,240,Car,1,410.62,42.63,43.46,42.98,202.48,4.75,23.77,0
89,4.75,1.92,1726,2018,293,Car,2,403.05,34.01,35.23,34.52,133.48,3.86,136.49,0
90,4.45,2.12,1791,2076,286,Car,1,403.74,35.12,36.02,35.44,130.86,3.72,11.56,0
91,16.98,2.50,1824,2214,391,Truck,2,386.91,24.61,25.21,24.81,289.30,11.66,362.76,0
92,5.15,2.12,1902,2187,286,Car,2,410.47,35.64,37.15,36.02,232.26,6.51,180.59,1
93,16.88,2.50,1916,2326,411,Truck,2,407.54,24.42,25.72,24.86,74.03,2.99,461.65,0
94,4.90,2.12,1957,2228,272,Car,2,409.51,37.28,38.42,37.80,57.09,1.52,25.51,1
95,4.24,1.92,1965,2232,268,Car,1,410.19,37.12,40.44,38.43,221.38,5.71,46.14,1
96,17.08,2.50,1989,2393,405,Truck,2,408.21,25.13,25.64,25.27,30.68,1.22,-1.00,0
97,16.98,2.50,1996,2417,422,Truck,2,407.70,24.10,24.58,24.22,62.37,2.56,-1.00,0
98,19.40,2.50,2001,2435,435,Truck,1,409.59,23.40,23.95,23.60,21.19,0.90,-1.00,0
99,5.15,2.02,2019,2398,380,Car,2,403.12,25.62,29.98,26.62,11.43,0.39,3.47,1
100,4.09,1.82,2023,2307,285,Car,1,410.42,35.03,37.49,36.15,97.44,2.72,-1.00,1
101,4.95,2.12,2029,2303,275,Car,2,410.74,37.10,38.15,37.49,-1.00,-1.00,-1.00,0
102,17.18,2.50,2033,2470,438,Truck,1,409.44,23.04,24.29,23.43,11.57,0.48,22.14,0
103,4.85,2.02,2046,2357,312,Car,2,402.52,29.48,35.09,32.38,7.47,0.23,1.37,1
104,4.65,1.92,2048,2318,271,Car,2,409.66,36.72,39.63,37.96,19.56,0.49,16.34,0
105,4.65,1.92,2050,2354,305,Car,1,404.30,32.64,34.04,33.26,36.13,1.07,-1.00,1
106,5.36,2.12,2058,2430,373,Car,1,402.93,23.32,29.35,27.09,18.84,0.74,8.97,1
107,4.35,1.82,2091,2425,335,Car,2,410.91,29.30,32.63,30.77,20.89,0.66,8.61,1
108,4.75,1.92,2092,2387,296,Car,2,411.23,33.99,36.40,34.87,29.06,0.85,8.05,0
109,5.15,2.02,2105,2521,417,Car,1,410.23,23.88,27.62,24.66,36.15,1.37,12.50,0
110,4.75,2.22,2145,2493,349,Car,1,410.21,26.01,34.07,29.48,-1.00,-1.00,-1.00,0
111,4.55,1.92,2187,2464,278,Car,1,340.42,29.47,34.39,30.73,29.98,0.99,6.86,0
112,4.24,1.82,2196,2532,337,Car,2,403.43,29.77,30.49,30.02,140.30,4.67,25.88,1
113,4.95,1.92,2218,2485,268,Car,2,402.10,37.30,38.33,37.67,119.83,3.21,11.77,1
114,4.45,2.02,2223,2514,292,Car,1,403.08,33.48,35.91,34.64,57.03,1.66,5.47,1
115,8.19,2.50,2260,2665,406,Truck,1,408.08,24.91,25.73,25.20,138.83,5.39,-1.00,0
116,4.45,1.82,2266,2545,280,Car,2,410.63,36.48,37.56,36.82,76.57,2.07,29.69,0
117,4.80,1.92,2300,2580,281,Car,1,410.23,34.26,38.55,36.63,80.43,2.25,22.49,0
118,6.27,2.43,2314,2613,300,Car,1,400.88,29.81,34.82,33.53,18.65,0.54,189.56,1
119,5.05,1.92,2373,2573,201,Car,2,400.12,46.45,51.50,50.05,56.40,1.17,5.38,0
120,4.04,1.92,2395,2699,305,Car,2,404.94,33.07,33.94,33.32,224.52,6.78,72.54,0
121,5.05,2.12,2440,2694,255,Car,1,400.71,38.63,40.16,39.46,120.63,3.06,12.63,0
122,6.77,2.22,2459,2801,343,Car,2,401.16,28.78,29.65,29.34,76.85,2.67,-1.00,0
123,15.46,2.50,2468,2876,409,Truck,1,408.29,24.83,25.39,25.03,339.66,13.45,226.86,0
124,4.24,1.82,2521,2819,299,Car,1,409.62,33.16,37.23,34.37,42.57,1.15,3.59,1
125,9.50,2.50,2554,2985,432,Truck,1,396.06,22.79,23.46,22.98,38.41,1.63,-1.00,0
126,7.58,2.50,2595,2963,369,Truck,2,408.99,27.66,28.06,27.80,150.15,5.40,-1.00,0
127,4.85,1.92,2626,2903,278,Car,2,402.76,36.04,37.34,36.37,-1.00,-1.00,-1.00,0
128,4.75,2.02,2781,3064,284,Car,2,408.41,35.90,36.31,36.10,217.25,6.00,-1.00,0
129,5.66,2.22,2795,3120,326,Car,2,406.83,31.00,31.96,31.31,192.55,6.16,58.12,0
130,7.18,2.22,2853,3184,332,Car,2,400.36,30.13,30.38,30.25,67.90,2.24,-1.00,0
131,4.45,1.92,2858,3144,287,Car,2,403.08,34.71,36.08,35.24,108.61,3.13,-1.00,0
132,5.15,1.92,2881,3160,280,Car,2,404.14,36.02,36.38,36.23,17.63,0.49,99.59,1
133,4.45,1.92,2883,3277,395,Car,1,411.21,25.58,27.14,26.11,284.26,10.77,72.47,0
134,4.65,1.92,2934,3221,288,Car,2,411.08,34.92,36.75,35.82,71.78,2.02,85.86,1
135,10.41,2.50,2955,3373,419,Truck,2,407.67,24.20,24.89,24.40,112.02,4.58,-1.00,0
136,4.85,1.82,2961,3225,265,Car,2,401.00,31.88,45.58,38.00,31.70,0.99,29.98,0
137,5.15,2.12,2994,3296,303,Car,2,401.52,32.76,34.15,33.26,77.65,2.29,-1.00,0
138,10.61,2.50,3023,3462,440,Truck,2,408.45,23.05,23.52,23.27,54.35,2.35,-1.00,0
139,16.98,2.50,3039,3419,381,Truck,2,386.44,25.31,25.85,25.44,32.41,1.27,-1.00,0
140,16.98,2.50,3068,3474,407,Truck,2,409.12,25.03,25.86,25.21,13.29,0.52,-1.00,0
141,4.55,1.82,3074,3351,278,Car,2,409.33,35.75,38.80,36.97,147.76,4.13,-1.00,0
142,3.74,1.82,3101,3377,277,Car,2,403.12,34.53,39.20,36.53,35.86,1.04,306.40,1
143,20.01,2.50,3102,3517,416,Truck,2,410.20,24.37,25.62,24.72,14.74,0.58,35.08,0
144,16.98,2.50,3108,3523,416,Truck,2,407.11,24.31,25.02,24.54,43.14,1.77,30.83,0
145,4.95,2.02,3127,3415,289,Car,2,410.95,34.77,38.46,35.70,30.76,0.88,163.94,0
146,12.23,2.50,3151,3564,414,Truck,2,407.19,24.18,25.30,24.66,28.31,1.15,52.07,0
147,4.75,1.92,3171,3458,288,Car,2,411.05,34.93,37.89,35.82,56.23,1.59,149.19,0
148,5.15,2.02,3183,3522,340,Car,2,403.43,28.28,32.76,29.76,25.93,0.83,3.99,1
149,4.95,2.02,3236,3478,243,Car,1,409.97,41.88,43.36,42.37,-1.00,-1.00,-1.00,0
150,4.24,1.82,3238,3647,410,Car,2,409.08,24.66,25.26,25.01,77.36,3.10,74.10,0
151,3.84,1.92,3253,3537,285,Car,1,409.94,35.81,36.77,36.10,25.10,0.68,-1.00,0
152,4.65,1.92,3254,3599,346,Car,2,401.24,27.92,32.32,29.09,22.60,0.72,22.40,1
153,5.26,2.12,3283,3582,300,Car,2,409.23,33.72,34.49,34.23,69.15,2.03,23.94,0
154,5.46,2.02,3284,3556,273,Car,1,403.18,36.20,37.83,37.08,29.14,0.80,26.58,0
155,16.88,2.50,3306,3714,409,Truck,1,408.76,24.79,25.52,25.06,-1.00,-1.00,-1.00,0
156,4.45,1.92,3340,3687,348,Car,2,404.29,28.50,30.81,29.15,91.54,3.16,62.73,0
157,4.24,1.92,3350,3647,298,Car,1,410.74,34.14,35.45,34.60,95.82,2.70,-1.00,0
158,16.98,2.50,3373,3806,434,Truck,2,409.54,23.55,23.81,23.66,116.87,4.94,-1.00,0
159,4.85,2.02,3376,3665,290,Car,1,403.38,34.16,36.10,34.90,19.67,0.56,1.95,1
160,4.55,2.02,3384,3738,355,Car,2,411.50,28.87,29.26,29.07,44.58,1.53,82.01,0
161,7.28,2.53,3388,3677,290,Car,2,410.51,34.30,37.25,35.54,99.35,2.75,23.94,0
162,5.15,2.12,3433,3756,324,Car,1,410.41,29.48,34.64,31.78,45.13,1.48,8.52,1
163,16.88,2.50,3433,3841,409,Truck,1,408.18,24.76,25.40,25.02,18.24,0.73,277.14,1
164,4.75,2.02,3460,3772,313,Car,1,410.48,29.73,36.31,32.91,14.72,0.49,9.43,1
165,4.75,1.92,3470,3806,337,Car,2,410.87,30.21,30.80,30.59,78.77,2.58,43.89,0
166,5.05,2.02,3484,3693,210,Car,1,401.59,47.50,48.96,48.08,-1.00,-1.00,-1.00,0
167,19.91,2.50,3484,3923,440,Truck,2,410.16,23.18,23.82,23.37,85.66,3.67,-1.00,0
168,19.61,2.50,3497,3906,410,Truck,1,407.57,24.36,25.81,24.92,31.55,1.22,241.97,0
169,7.48,2.50,3572,3992,421,Truck,2,408.76,23.83,24.86,24.35,61.62,2.57,45.65,0
170,16.98,2.50,3662,4069,408,Truck,2,409.24,24.84,25.65,25.15,59.89,2.35,46.15,0
171,5.15,1.92,3706,4013,308,Car,2,410.10,33.14,33.64,33.41,24.99,0.75,87.28,0
172,16.98,2.50,3706,4129,424,Truck,1,407.54,23.91,24.40,24.09,194.01,7.96,-1.00,0
173,4.24,1.82,3712,3983,272,Car,2,402.04,36.84,37.39,37.10,-1.00,-1.00,-1.00,1
174,4.55,1.92,3752,4023,272,Car,1,402.89,36.30,39.16,37.19,-1.00,-1.00,-1.00,0
175,8.08,2.50,3756,4184,429,Truck,1,407.94,23.47,24.30,23.83,40.49,1.68,219.80,0
176,17.08,2.50,3805,4225,421,Truck,2,409.66,24.20,24.72,24.39,126.40,5.21,-1.00,0
177,4.75,1.92,3842,4144,303,Car,2,411.20,33.75,34.23,34.05,172.32,5.03,172.15,1
178,5.05,1.92,3857,4119,263,Car,2,411.11,36.85,40.87,39.25,16.03,0.43,5.36,0
179,16.98,2.50,3873,4275,403,Truck,2,409.60,25.34,25.74,25.49,23.26,0.91,-1.00,0
180,16.47,2.50,3891,4308,418,Truck,2,408.48,24.39,24.98,24.50,64.95,2.65,222.46,0
181,17.18,2.50,3916,4319,404,Truck,1,409.04,25.17,25.72,25.38,118.84,4.71,60.85,0
182,4.45,1.92,3923,4193,271,Car,1,411.34,37.72,38.94,38.11,244.87,6.35,113.70,0
183,7.98,2.50,4049,4497,449,Truck,1,408.26,22.54,23.11,22.79,68.86,3.02,-1.00,0
184,4.75,2.02,4061,4356,296,Car,2,403.64,33.86,35.70,34.23,116.47,3.39,13.59,0
185,4.75,1.92,4098,4400,303,Car,1,403.18,33.10,33.96,33.40,262.00,7.71,-1.00,1
186,8.19,2.50,4107,4524,418,Truck,2,407.27,24.21,24.72,24.43,202.98,8.29,2786.93,0
187,3.74,1.82,4138,4414,277,Car,1,403.64,35.45,39.76,36.58,17.35,0.48,6.25,0
188,6.57,2.50,4148,4563,416,Truck,1,408.40,24.19,25.52,24.62,57.75,2.37,31.76,0
189,5.96,2.32,4236,4535,300,Car,1,401.10,33.23,34.07,33.55,48.73,1.45,5.30,1
190,4.65,1.92,4241,4488,248,Car,2,401.10,40.33,41.15,40.63,210.44,5.22,34.30,0
191,5.15,1.82,4248,4455,208,Car,2,409.38,46.41,50.93,49.49,-1.00,-1.00,-1.00,0
192,4.95,1.92,4257,4528,272,Car,2,402.67,36.85,37.93,37.17,23.19,0.62,-1.00,0
193,17.18,2.50,4270,4666,397,Truck,2,407.84,25.67,26.09,25.77,128.24,4.99,87.94,0
194,6.97,2.43,4275,4662,388,Car,1,400.79,25.52,26.55,25.90,46.90,1.76,59.92,0
195,5.05,2.02,4287,4574,288,Car,2,410.30,35.31,36.80,35.76,38.30,1.08,-1.00,0
196,5.05,1.92,4300,4555,256,Car,2,409.12,39.75,40.82,40.14,93.63,2.32,-1.00,0
197,5.26,2.02,4354,4683,330,Car,1,402.23,27.12,33.27,30.58,-1.00,-1.00,-1.00,0
198,4.65,2.02,4461,4730,270,Car,1,403.33,34.71,40.20,37.50,60.94,1.71,7.15,0
199,4.45,1.92,4461,4762,302,Car,1,410.87,32.86,36.60,34.14,117.65,3.56,16.24,0
200,5.15,2.02,4486,4763,278,Car,1,410.87,34.38,38.92,37.10,33.35,0.89,34.97,0
201,4.95,1.92,4517,4800,284,Car,1,401.63,32.88,38.41,35.49,43.19,1.14,24.30,1
202,4.55,1.82,4542,4809,268,Car,1,403.14,37.38,38.03,37.76,74.04,1.95,14.44,1
203,3.64,1.72,4543,4887,345,Car,2,404.89,28.28,30.34,29.43,264.18,9.04,81.86,0
204,16.98,2.50,4553,4935,383,Truck,1,386.98,25.10,25.66,25.33,35.85,1.40,-1.00,0
205,17.18,2.50,4585,4988,404,Truck,1,408.99,25.15,25.67,25.38,45.99,1.79,-1.00,0
206,16.98,2.50,4617,5015,399,Truck,1,387.60,24.07,24.72,24.35,22.81,0.94,-1.00,1
207,9.90,2.50,4634,5070,437,Truck,1,408.34,23.02,24.71,23.42,11.26,0.48,-1.00,0
208,4.75,1.92,4670,4969,300,Car,2,409.91,34.03,34.87,34.30,102.72,2.99,25.96,0
209,4.45,1.92,4678,5014,337,Car,1,410.95,29.66,32.26,30.59,-1.00,-1.00,-1.00,0
210,4.85,2.02,4698,4979,282,Car,2,403.14,35.12,36.74,35.89,-1.00,-1.00,-1.00,0
211,4.45,1.82,4699,5046,348,Car,1,410.25,28.69,31.10,29.57,20.45,0.70,-1.00,0
212,3.74,1.82,4717,5063,347,Car,1,410.88,29.12,31.13,29.70,11.27,0.38,6.46,0
213,10.61,2.50,4718,5140,423,Truck,1,407.34,23.92,24.46,24.14,58.28,2.40,56.24,0
214,19.30,2.50,4726,5137,412,Truck,2,385.35,23.33,23.66,23.45,56.21,2.38,-1.00,0
215,17.08,2.50,4738,5178,441,Truck,1,408.98,22.96,23.69,23.25,5.36,0.23,-1.00,1
216,4.45,1.92,4754,5087,334,Car,1,409.87,29.52,34.83,30.78,23.45,0.79,9.03,0
217,4.45,1.92,4758,5129,372,Car,1,411.43,23.82,31.02,27.74,14.85,0.59,8.46,0
218,7.28,2.22,4771,5164,394,Car,2,411.17,25.98,26.73,26.18,96.40,3.64,-1.00,0
219,13.74,2.53,4803,5181,379,Car,2,393.88,25.84,26.63,26.06,26.16,1.00,10.36,0
220,16.88,2.50,4821,5237,417,Truck,1,386.89,22.41,24.37,23.26,40.84,1.80,-1.00,0
221,5.46,2.22,4847,5168,322,Car,1,401.54,30.88,32.35,31.28,83.59,2.61,9.35,1
222,14.45,2.50,4861,5286,426,Truck,1,407.36,23.72,24.55,23.97,19.48,0.80,11.30,1
223,16.88,2.50,4937,5340,404,Truck,1,387.53,23.78,24.53,24.05,54.11,2.27,104.39,0
224,4.75,1.92,4960,5353,394,Car,1,403.20,24.60,27.40,25.66,97.07,3.89,24.83,0
225,4.35,2.02,4961,5247,287,Car,2,402.62,34.94,35.86,35.22,120.73,3.43,14.21,1
226,5.05,2.02,4979,5297,319,Car,2,411.11,31.76,32.73,32.33,21.84,0.67,-1.00,0
227,4.04,1.82,5018,5300,283,Car,2,404.14,35.52,36.64,35.86,72.33,2.00,402.83,0
228,6.37,2.50,5038,5319,282,Truck,1,405.97,35.61,37.18,36.14,57.34,1.60,4.85,1
229,8.19,2.73,5064,5502,439,Car,1,411.50,23.04,23.92,23.50,103.38,4.48,-1.00,0
230,4.24,1.92,5078,5344,267,Car,2,411.41,38.29,39.06,38.69,57.15,1.49,15.14,1
231,4.14,1.72,5187,5479,293,Car,2,402.74,34.24,34.88,34.50,-1.00,-1.00,-1.00,0
232,4.85,1.92,5196,5470,275,Car,1,410.51,36.92,38.20,37.47,221.98,5.98,179.05,0
233,19.71,2.50,5203,5581,379,Truck,1,386.36,25.35,25.90,25.56,228.02,8.94,111.73,0
234,4.95,1.92,5205,5469,265,Car,2,410.07,38.49,39.76,38.86,262.74,6.81,38.60,0
235,4.85,2.02,5251,5633,383,Car,1,411.23,25.21,29.36,26.92,129.81,4.98,31.09,0
236,5.05,2.02,5296,5524,229,Car,2,401.85,42.50,46.27,44.10,323.77,7.47,69.27,0
237,16.88,2.50,5322,5752,431,Truck,2,408.11,23.41,24.03,23.74,79.38,3.36,-1.00,0
238,5.05,1.92,5338,5623,286,Car,2,402.31,34.40,36.97,35.30,20.04,0.58,-1.00,0
239,4.85,2.02,5339,5588,250,Car,2,402.89,40.06,40.94,40.48,67.72,1.67,161.67,2
240,19.20,2.50,5388,5812,425,Truck,2,408.41,23.67,24.40,24.09,39.21,1.62,90.82,0
241,11.22,2.53,5428,5753,326,Car,2,394.37,29.88,31.08,30.35,111.94,3.74,-1.00,0
242,8.64,2.50,5439,5861,423,Truck,2,406.86,23.48,24.35,24.11,38.98,1.60,151.09,0
243,7.07,2.53,5519,5874,356,Car,2,410.12,28.65,29.52,28.89,104.78,3.64,-1.00,0
244,3.94,1.72,5565,5856,292,Car,1,410.38,33.36,37.47,35.28,306.16,8.35,26.79,0
245,6.16,2.22,5575,5872,298,Car,2,401.31,33.52,34.46,33.80,32.70,0.97,6.70,1
246,16.78,2.50,5639,6074,436,Truck,2,409.94,23.38,24.02,23.56,175.30,7.49,-1.00,0
247,4.65,1.92,5680,5979,300,Car,2,410.04,34.14,34.63,34.30,135.54,3.92,28.73,0
248,17.18,2.50,5685,6099,415,Truck,1,386.81,23.15,23.69,23.37,-1.00,-1.00,-1.00,0
249,4.85,2.12,5714,5977,264,Car,2,409.77,38.62,39.83,38.97,151.29,3.90,33.36,0
250,12.53,2.50,5714,6159,446,Truck,2,409.72,22.84,23.16,23.02,58.18,2.54,-1.00,0
251,4.35,2.02,5814,6185,372,Car,1,411.00,27.09,28.81,27.70,67.52,2.47,17.88,0
252,5.05,2.02,5832,6100,269,Car,2,407.33,37.67,38.80,38.02,178.88,4.74,43.68,0
253,4.75,2.02,5852,6138,287,Car,2,411.06,35.18,36.41,35.95,29.72,0.83,-1.00,0
254,5.26,2.32,5855,6154,300,Car,1,410.91,34.12,34.77,34.38,-1.00,-1.00,-1.00,0
255,17.08,2.50,5870,6277,408,Truck,2,409.20,24.97,25.74,25.15,102.48,4.07,51.30,0
256,17.08,2.50,5898,6332,435,Truck,1,408.39,23.29,23.96,23.53,76.25,3.19,-1.00,0
257,4.75,1.82,5902,6173,272,Car,2,402.14,36.75,37.94,37.13,56.00,1.49,23.28,0
258,4.24,1.92,5908,6213,306,Car,1,403.40,32.47,33.68,33.08,-1.00,-1.00,-1.00,0
259,15.46,2.50,5976,6389,414,Truck,1,388.20,23.33,23.80,23.51,58.70,2.48,325.20,0
260,5.15,2.02,6005,6258,254,Car,2,409.03,39.76,41.19,40.45,123.76,3.11,34.70,0
261,3.84,1.82,6025,6317,293,Car,1,408.28,34.57,35.73,34.97,222.86,6.31,143.88,0
262,4.55,1.82,6038,6316,279,Car,1,410.09,35.78,38.89,36.90,144.31,3.91,39.60,0
263,4.55,1.92,6059,6347,289,Car,1,410.19,34.85,37.42,35.62,38.72,1.09,25.15,0
264,4.55,1.92,6085,6347,263,Car,2,402.60,37.17,39.17,38.44,127.36,3.35,-1.00,0
265,4.65,2.02,6088,6383,296,Car,1,402.15,32.18,38.10,34.09,64.72,1.75,32.95,0
266,4.35,1.82,6095,6443,349,Car,1,403.56,28.30,30.28,29.01,43.48,1.52,8.91,0
267,7.18,2.50,6118,6474,357,Truck,1,406.35,28.31,29.00,28.55,17.88,0.61,1283.47,1
268,4.85,2.02,6140,6425,286,Car,2,403.75,35.24,35.98,35.43,81.15,2.29,-1.00,0
269,4.55,1.92,6157,6425,269,Car,1,410.70,38.03,38.71,38.33,114.19,2.98,36.40,0
270,7.07,2.50,6171,6526,356,Truck,1,406.04,28.27,29.16,28.60,52.20,1.83,123.75,0
271,17.08,2.50,6185,6606,422,Truck,2,388.14,22.88,23.22,23.06,32.23,1.39,-1.00,0
272,4.75,1.82,6195,6490,296,Car,1,408.07,33.92,36.11,34.60,133.54,3.92,50.29,0
273,5.05,2.02,6213,6527,315,Car,1,409.48,32.33,33.05,32.61,63.51,1.94,15.47,0
274,4.30,1.92,6237,6560,324,Car,1,410.36,30.40,34.40,31.78,57.30,1.66,-1.00,0
275,4.45,1.92,6239,6504,266,Car,2,402.97,37.49,39.17,38.04,116.70,3.05,49.65,0
276,4.75,2.02,6273,6578,306,Car,1,401.69,29.59,34.96,32.94,24.62,0.80,13.14,0
277,4.24,1.92,6290,6560,271,Car,2,404.45,36.83,38.34,37.47,61.32,1.64,4.28,2
278,3.54,1.72,6305,6610,306,Car,1,404.30,32.24,33.51,33.15,111.24,3.32,22.99,0
279,4.55,2.02,6307,6553,247,Car,1,402.68,36.95,43.44,40.94,40.64,1.06,7.06,0
280,5.46,2.12,6329,6635,307,Car,1,410.17,32.43,34.41,33.53,23.62,0.68,11.12,0
281,17.08,2.50,6331,6756,426,Truck,1,406.75,23.73,24.30,23.94,36.99,1.55,-1.00,1
282,4.75,2.02,6386,6681,296,Car,2,410.89,33.55,37.47,34.84,99.07,2.84,8.49,1
283,7.28,2.50,6388,6645,258,Truck,1,396.50,38.14,39.60,38.60,130.73,3.30,115.00,0
284,16.98,2.50,6388,6798,411,Truck,1,386.36,23.18,24.29,23.57,17.49,0.75,155.15,1
285,17.18,2.50,6442,6829,388,Truck,1,387.09,23.97,25.78,25.02,12.44,0.51,10.38,1
286,4.55,2.02,6467,6755,289,Car,1,342.08,28.29,32.73,29.70,17.08,0.59,3.40,1
287,6.16,2.22,6481,6749,269,Car,2,409.70,37.91,38.99,38.26,97.11,2.56,31.55,0
288,4.45,1.92,6540,6920,381,Car,1,409.93,26.33,28.62,26.98,80.98,3.00,29.19,0
289,4.75,1.82,6599,6890,292,Car,2,410.07,34.82,36.14,35.25,177.58,5.10,-1.00,1
290,7.28,2.50,6638,6983,346,Truck,2,407.69,29.26,29.94,29.56,99.51,3.39,-1.00,1
291,17.28,2.50,6654,7063,410,Truck,2,409.04,24.66,25.50,25.01,43.72,1.75,-1.00,0
292,4.75,2.12,6655,6981,327,Car,1,403.57,29.83,33.75,30.96,163.17,5.41,23.69,0
293,16.27,2.50,6698,7121,424,Truck,1,407.52,23.83,24.41,24.09,28.28,1.18,-1.00,0
294,5.05,2.02,6715,7020,306,Car,1,401.54,30.10,34.36,32.93,43.39,1.39,16.32,1
295,4.85,1.92,6777,7082,306,Car,1,410.95,32.26,35.82,33.70,208.79,6.28,26.48,0
296,5.05,2.02,6796,7100,305,Car,1,402.12,32.20,35.06,33.08,20.38,0.58,-1.00,0
297,4.75,2.02,6818,7137,320,Car,2,411.45,31.98,32.68,32.27,90.30,2.79,13.26,0
298,16.88,2.50,6861,7291,431,Truck,1,409.47,23.60,24.28,23.82,72.30,2.97,-1.00,0
299,14.45,2.50,6885,7311,427,Truck,1,407.44,23.72,24.23,23.92,6.70,0.28,23.17,0
300,4.85,1.92,6912,7339,428,Car,1,410.86,23.28,24.55,24.06,18.34,0.76,27.36,0
301,5.05,2.12,6954,7386,433,Car,1,409.86,23.36,24.23,23.73,35.96,1.48,66.17,0
302,4.85,2.02,6969,7403,435,Car,1,410.52,22.27,24.41,23.65,8.33,0.34,16.88,0
303,7.68,2.50,7002,7374,373,Truck,1,397.33,26.38,27.23,26.71,272.44,10.28,94.77,0
304,4.14,1.82,7008,7335,328,Car,2,404.31,30.47,31.71,30.93,240.82,7.76,-1.00,0
305,5.05,2.02,7044,7310,267,Car,1,403.52,36.93,39.10,37.95,39.59,1.07,3.90,1
306,4.24,1.82,7051,7292,242,Car,2,410.48,42.01,44.05,42.60,-1.00,-1.00,-1.00,0
307,15.36,2.50,7128,7551,424,Truck,1,407.87,23.85,24.43,24.11,128.76,5.37,75.67,0
308,4.95,1.92,7140,7353,214,Car,1,410.61,46.61,49.59,48.22,67.96,1.43,8.21,0
309,5.86,2.32,7170,7467,298,Car,1,402.04,33.47,34.44,33.86,117.01,3.48,18.28,0
310,4.65,2.02,7243,7507,265,Car,1,402.46,35.93,40.30,38.13,51.96,1.42,13.66,0
311,16.78,2.50,7255,7671,417,Truck,1,388.61,23.13,23.71,23.36,106.98,4.53,-1.00,0
312,3.84,1.82,7256,7553,298,Car,2,409.79,34.23,35.31,34.52,290.92,8.47,90.41,0
313,4.95,1.92,7306,7572,267,Car,2,409.67,38.32,38.73,38.52,-1.00,-1.00,-1.00,0
314,4.95,1.92,7318,7571,254,Car,2,409.34,40.10,41.62,40.49,-1.00,-1.00,-1.00,0
315,4.45,1.92,7319,7615,297,Car,1,402.51,33.76,34.50,34.00,44.78,1.31,4.24,1
316,4.75,1.82,7351,7643,293,Car,2,410.49,34.86,35.66,35.16,65.15,1.87,-1.00,0
317,5.15,2.12,7365,7644,280,Car,2,409.09,34.75,37.42,36.68,11.34,0.30,5.36,2
318,4.14,1.82,7403,7683,281,Car,1,403.55,35.48,37.32,36.05,93.59,2.62,32.07,0
319,4.04,1.82,7569,7849,281,Car,1,410.04,36.24,37.51,36.63,230.99,6.28,117.03,0
320,6.16,2.32,7589,7873,285,Car,1,409.64,34.01,37.88,36.07,260.45,7.04,19.28,0
321,5.26,2.12,7640,7943,304,Car,2,410.41,32.69,34.99,33.87,400.86,11.54,-1.00,1
322,7.28,2.53,7641,7971,331,Car,2,400.63,30.05,31.17,30.36,27.19,0.89,-1.00,0
323,5.26,2.02,7673,7934,262,Car,2,403.09,36.22,41.39,38.64,-1.00,-1.00,-1.00,1
324,5.05,2.02,7693,7951,259,Car,2,403.10,36.08,42.38,39.09,23.82,0.57,64.42,0
325,6.37,2.43,7709,8103,395,Car,2,401.44,25.22,25.88,25.48,22.58,0.88,-1.00,0
326,5.15,2.02,7719,7982,264,Car,1,401.98,37.06,39.23,38.22,203.70,5.32,71.98,0
327,5.96,2.12,7728,8069,342,Car,2,408.28,29.48,30.41,29.94,114.43,3.84,-1.00,1
328,4.65,1.82,7754,8037,284,Car,2,402.99,33.96,38.37,35.62,84.51,2.49,-1.00,0
329,4.75,1.92,7770,8060,291,Car,2,401.98,31.93,39.24,34.69,15.72,0.49,-1.00,0
330,5.05,2.02,7784,8084,301,Car,2,403.07,31.70,38.16,33.61,13.41,0.41,38.84,0
331,15.36,2.50,7796,8246,451,Truck,2,406.67,22.03,23.95,22.61,72.77,3.24,-1.00,0
332,6.57,2.43,7809,8167,359,Car,1,409.56,28.25,29.51,28.61,313.93,10.63,-1.00,0
333,6.37,2.12,7829,8297,469,Truck,2,407.42,21.28,22.86,21.77,21.86,0.96,73.78,0
334,5.15,1.92,7838,8146,309,Car,2,408.59,32.15,35.80,33.18,58.15,1.78,32.64,0
335,4.85,2.02,7867,8158,292,Car,1,410.23,33.67,36.86,35.25,223.82,6.09,-1.00,0
336,5.15,2.02,7874,8178,305,Car,2,410.51,33.04,34.60,33.78,34.69,1.03,20.28,1
337,4.65,1.82,7913,8179,267,Car,2,410.09,37.36,39.96,38.56,30.22,0.81,8.22,0
338,9.80,2.02,7924,8356,433,Car,2,398.16,21.88,24.29,23.05,53.52,2.44,24.47,0
339,17.28,2.50,7927,8336,410,Truck,1,407.43,24.68,25.20,24.91,69.22,2.75,-1.00,0
340,4.85,1.92,7967,8287,321,Car,1,409.91,31.49,33.23,32.03,147.03,4.66,35.09,0
341,17.13,2.50,7969,8372,404,Truck,2,409.71,25.29,25.90,25.43,130.39,5.11,-1.00,0
342,19.20,2.50,8005,8409,405,Truck,2,409.96,25.14,25.80,25.38,17.37,0.69,236.98,0
343,4.35,2.02,8028,8364,337,Car,1,409.19,27.62,33.12,30.46,15.73,0.53,134.26,0
344,4.75,2.02,8036,8336,301,Car,1,402.46,28.78,35.57,33.55,16.57,0.51,2.25,1
345,4.35,1.92,8046,8333,288,Car,2,403.19,34.96,35.61,35.14,199.14,5.69,-1.00,0
346,4.35,1.92,8061,8355,295,Car,1,408.07,34.27,35.12,34.72,28.07,0.80,4.02,1
347,4.35,1.92,8066,8357,292,Car,2,409.59,34.84,36.56,35.21,22.39,0.64,51.08,0
348,16.27,2.50,8085,8539,455,Truck,2,410.35,22.39,22.99,22.60,137.00,6.10,244.02,0
349,4.95,2.12,8088,8381,294,Car,2,407.57,34.46,35.87,34.79,23.66,0.67,-1.00,0
350,4.85,1.92,8114,8412,299,Car,2,404.44,33.31,34.42,33.95,34.72,1.01,-1.00,0
351,14.35,2.50,8145,8547,403,Truck,2,408.38,25.27,25.79,25.41,126.35,4.97,556.74,0
352,4.75,1.92,8176,8477,302,Car,2,411.00,33.35,35.56,34.15,79.73,2.29,87.37,0
353,16.88,2.50,8198,8602,405,Truck,2,407.85,25.04,25.59,25.25,47.72,1.88,20.31,0
354,14.96,2.50,8248,8629,382,Truck,2,389.98,25.21,25.94,25.60,31.20,1.23,44.74,1
355,11.42,2.50,8248,8639,392,Truck,1,392.76,24.90,25.63,25.12,264.06,10.30,-1.00,0
356,4.45,1.92,8258,8545,288,Car,2,411.85,35.48,36.85,35.90,93.95,2.60,50.96,0
357,10.00,2.02,8270,8720,451,Car,2,409.55,22.15,22.98,22.76,15.02,0.67,-1.00,0
358,4.45,2.02,8271,8520,250,Car,1,410.41,39.85,42.76,41.23,261.89,6.31,36.42,0
359,4.65,1.92,8291,8581,291,Car,1,410.08,34.88,36.35,35.38,339.35,9.47,31.26,0
360,6.57,2.12,8336,8712,377,Car,2,401.25,25.67,27.17,26.69,180.09,6.67,149.81,0
361,16.88,2.50,8342,8748,407,Truck,2,388.76,23.85,24.24,23.95,30.28,1.25,21.14,0
362,4.24,2.02,8403,8697,295,Car,1,409.63,34.49,35.33,34.85,155.01,4.40,528.02,0
363,12.53,2.50,8426,8833,408,Truck,2,408.18,24.91,25.47,25.08,53.80,2.14,51.75,0
364,7.18,2.32,8435,8714,280,Car,1,410.95,36.55,37.09,36.84,264.46,7.14,-1.00,0
365,4.95,2.12,8444,8726,283,Car,2,411.44,36.09,37.05,36.50,257.21,6.96,261.94,0
366,4.24,1.82,8496,8863,368,Car,1,407.92,27.53,28.35,27.80,125.58,4.43,-1.00,0
367,4.65,1.92,8537,8833,297,Car,2,404.69,33.80,35.02,34.20,160.38,4.69,21.33,0
368,17.18,2.50,8549,8952,404,Truck,1,407.71,25.07,25.64,25.30,41.40,1.61,-1.00,0
369,13.54,2.50,8552,8976,425,Truck,2,407.90,23.94,24.41,24.07,112.43,4.65,-1.00,0
370,4.55,2.02,8573,8990,418,Car,1,410.11,23.00,26.88,24.60,22.53,0.98,-1.00,1
371,4.75,1.92,8596,8916,321,Car,1,409.81,31.37,32.81,32.03,232.35,7.08,-1.00,0
372,16.78,2.50,8598,9024,427,Truck,2,408.40,23.73,24.47,23.98,27.26,1.13,192.04,0
373,4.45,1.92,8646,9017,372,Car,1,408.68,25.96,29.98,27.55,22.49,0.85,14.16,0
374,5.15,2.22,8660,8940,281,Car,1,402.82,34.51,37.53,35.98,35.03,1.00,3.64,1
375,8.49,2.50,8677,9101,425,Truck,2,407.20,22.91,25.11,24.02,59.72,2.47,52.91,0
376,19.10,2.50,8734,9160,427,Truck,1,407.06,23.68,24.44,23.90,84.38,3.45,-1.00,1
377,17.18,2.50,8741,9155,415,Truck,2,407.96,24.46,25.08,24.65,36.36,1.46,18.61,0
378,12.53,2.50,8777,9173,397,Truck,2,393.31,24.50,25.20,24.84,21.91,0.87,72.30,0
379,19.50,2.50,8790,9207,418,Truck,1,384.75,22.76,23.94,23.08,34.30,1.43,-1.00,0
380,4.04,1.82,8826,9201,376,Car,1,404.56,25.69,28.72,26.98,46.18,1.66,12.09,0
381,9.90,2.50,8827,9220,394,Truck,2,394.74,24.99,25.41,25.12,34.78,1.38,84.04,0
382,4.95,2.02,8862,9121,260,Car,1,402.01,38.62,39.25,38.83,276.97,7.16,66.53,0
383,15.06,2.50,8865,9313,449,Truck,1,409.13,22.48,24.10,22.84,54.43,2.32,78.16,0
384,4.75,1.92,8889,9159,271,Car,1,409.52,37.32,39.18,37.94,36.27,0.92,221.47,0
385,4.75,1.92,8905,9277,373,Car,1,403.22,26.32,28.26,27.10,75.00,2.80,42.60,0
386,4.65,1.82,8934,9255,322,Car,1,411.05,31.05,33.39,32.04,66.30,2.13,-1.00,0
387,9.40,2.50,8950,9372,423,Truck,1,407.63,23.92,24.53,24.16,24.15,1.00,-1.00,0
388,4.95,2.12,9003,9320,318,Car,1,403.37,29.59,34.76,31.83,46.81,1.55,23.56,1
389,4.24,1.82,9035,9425,391,Car,1,410.47,24.88,28.13,26.33,48.02,1.89,20.75,0
390,4.75,2.02,9037,9348,312,Car,1,411.16,31.73,35.63,33.05,28.22,0.88,15.41,0
391,4.45,2.02,9069,9374,306,Car,1,410.47,32.05,35.33,33.66,28.88,0.89,17.08,0
392,4.45,1.82,9073,9427,355,Car,1,402.84,27.25,31.10,28.46,14.58,0.48,3.14,1
393,4.55,1.92,9105,9385,281,Car,2,402.88,35.24,36.61,35.99,-1.00,-1.00,-1.00,0
394,5.86,2.02,9108,9441,334,Car,1,402.28,27.77,34.33,30.21,145.97,5.13,18.19,0
395,4.35,1.92,9151,9435,285,Car,2,404.38,34.25,36.48,35.62,292.01,8.04,26.80,0
396,4.55,1.92,9165,9441,277,Car,2,410.41,36.70,37.70,37.20,71.60,1.92,49.21,0
397,6.27,2.32,9174,9427,254,Car,2,410.93,40.04,42.04,40.64,-1.00,-1.00,-1.00,0
398,4.85,1.92,9209,9478,270,Car,2,406.60,36.39,38.86,37.81,48.12,1.25,-1.00,1
399,4.14,1.82,9231,9670,440,Car,1,410.65,22.14,26.92,23.40,16.70,0.75,-1.00,0
400,4.55,2.02,9253,9563,311,Car,2,403.30,31.50,33.99,32.55,109.63,3.36,-1.00,0
401,4.85,2.02,9293,9618,326,Car,1,404.17,27.19,34.41,31.12,10.08,0.36,1.89,2
402,4.75,1.82,9296,9586,291,Car,2,410.18,34.75,36.29,35.37,21.98,0.61,10.92,0
403,6.16,2.32,9305,9601,297,Car,1,410.40,34.07,35.87,34.68,232.89,6.62,23.95,0
404,5.05,2.02,9306,9723,418,Car,2,410.24,24.38,24.98,24.60,219.49,8.98,-1.00,0
405,4.04,1.82,9356,9698,343,Car,1,404.46,24.99,32.53,29.57,30.57,1.19,7.31,0
406,4.55,1.92,9364,9667,304,Car,2,407.69,32.52,34.57,33.66,88.06,2.70,-1.00,0
407,4.55,1.92,9374,9661,288,Car,1,410.69,35.43,36.66,35.80,322.66,8.94,50.33,0
408,6.37,2.32,9405,9742,338,Car,1,400.39,29.40,30.31,29.72,48.76,1.64,10.23,1
409,4.35,1.92,9435,9789,355,Car,1,404.17,28.10,29.39,28.56,33.00,1.14,-1.00,0
410,6.16,2.32,9440,9710,271,Car,1,399.87,36.60,37.80,37.04,76.12,2.06,45.95,0
411,4.95,2.02,9446,9697,252,Car,2,400.62,39.19,41.22,39.93,51.86,1.27,8.23,0
412,13.74,2.50,9457,9866,410,Truck,2,390.78,23.73,24.18,23.90,132.57,5.56,-1.00,0
413,4.24,1.92,9468,9777,310,Car,1,409.79,31.36,33.52,33.17,32.28,0.99,10.81,0
414,4.65,1.92,9477,9728,252,Car,2,407.76,39.54,41.11,40.63,35.38,0.87,24.57,0
415,4.95,1.92,9505,9839,335,Car,1,410.51,29.46,31.67,30.75,44.32,1.40,-1.00,0
416,17.08,2.50,9515,9899,385,Truck,1,386.55,24.94,25.56,25.18,72.43,2.83,-1.00,0
417,5.36,2.02,9536,9810,275,Car,2,399.16,36.23,36.79,36.44,90.66,2.46,-1.00,0
418,5.05,2.02,9538,9846,309,Car,1,402.07,32.21,33.30,32.65,12.24,0.37,3.95,1
419,5.15,2.12,9544,9825,282,Car,1,409.34,36.06,36.87,36.41,150.68,4.12,-1.00,0
420,4.95,1.92,9609,9845,237,Car,2,409.81,42.20,44.94,43.45,-1.00,-1.00,-1.00,0
421,4.85,2.02,9611,9892,282,Car,2,402.74,35.48,36.15,35.85,108.17,3.00,-1.00,0
422,3.74,1.92,9634,9960,327,Car,1,402.29,30.53,31.41,30.86,122.18,3.90,-1.00,0
423,5.15,2.02,9672,9947,276,Car,2,410.51,36.94,37.89,37.35,69.61,1.88,42.17,0
424,4.65,1.92,9702,9981,280,Car,2,410.52,36.44,37.30,36.80,39.15,1.05,-1.00,0
425,4.75,1.92,9718,10060,343,Car,2,411.53,29.68,30.42,30.09,210.60,7.09,37.26,0
426,4.24,1.82,9742,10087,346,Car,2,409.71,29.39,30.37,29.71,23.32,0.76,433.34,0
427,15.26,2.50,9763,10182,420,Truck,1,405.72,24.10,24.48,24.21,143.67,5.89,-1.00,0
428,4.85,2.02,9778,10061,284,Car,1,399.12,33.97,35.76,35.26,209.94,5.94,21.07,0
429,5.96,2.22,9797,10158,362,Car,2,411.77,28.17,28.99,28.51,62.56,2.19,-1.00,1
430,4.95,1.92,9830,10110,281,Car,2,411.64,36.05,37.58,36.76,185.64,5.07,1108.74,0
431,17.08,2.50,9834,10267,434,Truck,2,410.19,23.57,24.11,23.69,23.14,0.98,-1.00,0
432,17.08,2.50,9839,10242,404,Truck,1,408.48,25.12,25.72,25.35,69.67,2.71,-1.00,0
433,4.95,1.92,9856,10133,278,Car,2,410.16,36.87,37.25,37.05,28.44,0.77,42.67,0
434,4.45,1.92,9874,10170,297,Car,2,410.84,34.33,35.36,34.72,15.92,0.45,-1.00,0
435,8.29,2.50,9880,10270,391,Truck,1,395.96,25.09,25.97,25.40,90.90,3.57,60.49,0
436,4.45,1.92,9882,10150,269,Car,2,403.65,37.33,38.29,37.68,-1.00,-1.00,-1.00,1
437,4.24,1.82,9902,10309,408,Car,1,410.94,23.83,28.11,25.26,53.28,2.06,24.36,0
438,4.85,1.92,9929,10312,384,Car,1,409.80,25.50,28.96,26.77,28.18,1.06,13.90,0
439,4.24,1.92,9934,10185,252,Car,1,409.74,40.38,41.54,40.83,-1.00,-1.00,-1.00,0
440,4.95,1.92,9946,10212,267,Car,1,410.17,36.67,39.71,38.58,14.54,0.37,-1.00,0
441,6.27,2.22,9950,10260,311,Car,2,409.92,32.74,33.70,33.07,98.16,3.00,-1.00,0
442,4.85,1.82,9950,10265,316,Car,1,410.75,30.65,33.43,32.62,12.28,0.38,2.88,1
443,16.88,2.50,9957,10367,411,Truck,2,407.98,24.62,25.37,24.88,84.64,3.40,72.14,0
444,8.19,2.32,9979,10296,318,Car,2,409.21,31.86,32.91,32.30,29.69,0.93,-1.00,0
445,17.08,2.50,9992,10431,440,Truck,1,409.46,23.03,23.58,23.32,71.69,3.10,-1.00,1
446,5.15,2.12,10011,10297,287,Car,1,410.11,34.75,36.31,35.87,39.57,1.12,8.88,1
447,5.05,1.92,10015,10291,277,Car,2,409.81,36.69,38.25,37.14,195.28,5.27,-1.00,0
448,5.76,2.22,10021,10350,330,Car,2,409.33,30.88,31.42,31.12,47.17,1.51,-1.00,0
449,13.85,2.50,10064,10462,399,Truck,1,408.73,25.18,25.95,25.69,49.53,1.96,21.49,0
450,16.98,2.50,10065,10464,400,Truck,2,408.74,25.46,26.01,25.62,82.27,3.21,93.91,0
451,4.04,1.72,10097,10364,268,Car,2,409.62,38.09,39.04,38.38,108.19,2.82,65.25,0
452,17.08,2.50,10127,10539,413,Truck,1,408.80,24.53,25.13,24.81,45.92,1.83,-1.00,0
453,11.93,2.93,10180,10568,389,Car,1,409.81,26.17,26.92,26.41,135.46,5.15,49.52,0
454,4.55,1.92,10209,10480,272,Car,2,410.49,37.61,38.33,37.90,168.11,4.44,-1.00,0
455,5.15,2.22,10210,10539,330,Car,2,410.60,30.64,32.19,31.21,87.45,2.83,18.13,0
456,4.45,1.92,10230,10531,302,Car,1,403.49,33.13,34.51,33.53,44.73,1.30,5.57,1
457,4.65,1.92,10238,10517,280,Car,2,410.59,36.45,37.57,36.82,241.93,6.62,43.73,0
458,4.95,2.02,10252,10506,255,Car,2,411.32,38.94,40.85,40.51,37.02,0.91,15.27,0
459,4.75,1.92,10255,10541,287,Car,2,402.57,34.06,36.74,35.21,19.46,0.57,-1.00,0
460,3.94,1.92,10269,10591,323,Car,2,411.83,30.66,32.58,31.96,62.71,1.95,35.53,0
461,4.95,2.12,10326,10612,287,Car,1,400.75,32.06,39.00,35.05,63.93,1.92,9.98,1
462,4.65,1.82,10374,10683,310,Car,2,411.88,33.14,34.12,33.35,118.90,3.56,76.40,0
463,8.49,2.50,10452,10846,395,Truck,1,397.33,24.94,25.77,25.23,212.11,8.39,342.78,0
464,16.98,2.50,10518,10923,406,Truck,1,408.13,25.00,25.49,25.20,36.51,1.46,-1.00,0
465,4.35,1.82,10547,10827,281,Car,1,410.32,36.33,37.06,36.65,-1.00,-1.00,-1.00,1
466,4.24,1.82,10559,10845,287,Car,2,410.78,35.77,36.45,35.93,229.71,6.41,86.92,0
467,5.05,2.02,10565,10831,267,Car,2,409.90,38.24,39.18,38.54,-1.00,-1.00,-1.00,0
468,4.45,1.92,10566,10964,399,Car,1,403.21,24.92,26.30,25.34,108.26,4.27,103.10,0
469,4.35,1.82,10614,11002,389,Car,1,410.50,25.73,28.04,26.45,27.70,1.07,17.63,0
470,7.18,2.63,10648,10988,341,Car,2,399.84,28.95,30.08,29.41,119.33,4.00,-1.00,0
471,4.24,1.92,10698,11045,348,Car,1,403.73,27.82,31.66,29.10,50.87,1.77,16.80,0
472,6.37,2.22,10837,11114,278,Truck,2,407.21,36.57,37.45,36.78,171.26,4.68,24.99,0
473,4.85,1.92,10880,11166,287,Car,1,404.33,33.18,37.07,35.37,160.83,4.56,21.63,1
474,5.46,2.12,10891,11257,367,Car,2,408.67,27.75,28.52,27.93,74.05,2.64,-1.00,0
475,6.16,2.12,10900,11228,329,Car,2,401.12,30.23,31.56,30.59,-1.00,-1.00,-1.00,0
476,17.18,2.50,10912,11292,381,Truck,1,386.71,25.26,25.77,25.45,40.09,1.55,-1.00,0
477,4.85,2.02,10941,11215,275,Car,2,402.79,36.44,37.38,36.77,-1.00,-1.00,-1.00,0
478,17.08,2.50,10950,11359,410,Truck,2,409.09,24.88,25.60,25.02,48.92,1.95,-1.00,0
479,4.75,1.92,10992,11288,297,Car,1,403.91,33.84,34.62,34.13,-1.00,-1.00,-1.00,1
480,5.15,2.22,11005,11338,334,Car,1,402.59,29.93,30.75,30.24,33.20,1.10,-1.00,0
481,16.57,2.50,11021,11424,404,Truck,1,408.47,25.11,25.71,25.34,93.55,3.66,276.25,0
482,4.65,1.82,11032,11370,339,Car,1,410.04,29.74,31.43,30.34,27.58,0.88,24.71,0
483,3.84,1.72,11069,11415,347,Car,1,410.35,28.90,30.61,29.66,39.56,1.31,73.64,0
484,6.77,2.63,11078,11485,408,Truck,2,406.38,24.80,25.49,24.97,118.32,4.72,491.55,0
485,3.03,1.92,11110,11435,326,Car,1,404.86,28.63,32.62,31.16,25.49,0.83,13.12,0
486,11.62,2.63,11111,11582,472,Car,2,410.38,21.60,22.02,21.79,25.19,1.15,-1.00,0
487,17.13,2.50,11178,11585,408,Truck,2,409.01,24.98,25.71,25.14,320.45,12.75,-1.00,0
488,4.65,1.92,11187,11401,215,Car,1,411.41,45.79,51.17,48.08,-1.00,-1.00,-1.00,0
489,19.50,2.50,11188,11593,406,Truck,1,408.04,25.01,25.50,25.20,77.90,3.05,-1.00,0
490,17.08,2.50,11205,11610,406,Truck,2,386.33,23.46,24.16,23.86,30.31,1.27,15.11,0
491,4.45,1.92,11228,11627,400,Car,2,410.99,25.16,27.10,25.76,40.86,1.53,41.33,0
492,3.84,1.92,11244,11536,293,Car,2,403.65,34.33,35.20,34.58,-1.00,-1.00,-1.00,0
493,5.05,2.12,11245,11580,336,Car,1,409.71,29.86,31.26,30.59,32.13,1.05,5.89,1
494,4.95,1.92,11264,11642,379,Car,2,404.15,25.30,31.14,26.75,9.51,0.31,8.16,1
495,4.65,1.82,11285,11634,350,Car,2,411.48,25.56,33.36,29.49,11.72,0.40,4.60,1
496,4.35,1.82,11294,11612,319,Car,2,411.89,31.73,33.37,32.40,65.19,2.05,-1.00,0
497,4.85,2.02,11362,11721,360,Car,1,410.47,28.25,29.15,28.59,140.60,4.97,41.09,0
498,4.75,2.02,11400,11701,302,Car,1,403.44,32.95,34.25,33.52,20.58,0.62,4.25,1
499,13.34,2.50,11403,11826,424,Truck,2,408.80,23.87,24.58,24.17,175.37,7.27,444.42,0
500,7.28,2.22,11455,11773,319,Car,2,410.03,31.68,32.67,32.25,155.32,4.82,23.93,0
501,4.75,2.02,11499,11768,270,Car,2,409.95,37.44,39.70,38.13,182.91,4.81,25.01,0
502,5.15,1.92,11504,11853,350,Car,1,410.25,29.13,29.75,29.40,-1.00,-1.00,-1.00,0
503,17.38,2.50,11506,11913,408,Truck,1,409.22,24.36,25.37,25.12,122.00,5.00,-1.00,0
504,4.35,1.92,11537,11811,275,Car,2,403.35,35.64,38.98,36.82,60.87,1.59,9.44,1
505,19.00,2.50,11589,12002,414,Truck,2,408.52,24.52,25.36,24.74,156.36,6.34,214.30,0
506,16.98,2.50,11592,11997,406,Truck,1,407.89,24.99,25.57,25.19,67.58,2.68,147.73,0
507,17.08,2.50,11634,12009,376,Truck,2,387.76,25.73,26.26,25.87,122.37,4.72,-1.00,0
508,6.27,2.53,11641,12008,368,Car,2,410.45,27.77,28.60,27.98,192.63,6.90,-1.00,0
509,16.47,2.50,11656,12073,418,Truck,2,408.46,24.34,24.95,24.50,49.56,2.02,-1.00,0
510,16.88,2.50,11723,12139,417,Truck,2,408.28,24.44,24.79,24.55,47.36,1.93,206.46,0
511,4.85,1.92,11743,12104,362,Car,2,410.79,28.06,29.32,28.46,83.80,2.92,33.86,0
512,17.08,2.50,11777,12185,409,Truck,2,408.90,24.93,25.48,25.07,29.49,1.16,55.89,0
513,5.05,1.92,11816,12223,408,Car,2,411.71,24.89,25.99,25.30,31.56,1.25,39.75,0
514,4.55,1.82,11866,12164,299,Car,1,410.90,34.13,35.06,34.49,-1.00,-1.00,-1.00,0
515,16.37,2.50,11884,12273,390,Truck,2,387.32,24.71,25.42,24.91,50.35,2.01,1305.59,0
516,19.10,2.50,11889,12296,408,Truck,2,409.46,25.03,25.77,25.17,143.80,5.71,-1.00,0
517,4.85,1.92,11900,12185,286,Car,2,411.65,34.79,37.85,36.13,255.31,7.25,38.66,0
518,5.15,1.82,11906,12186,281,Car,1,410.44,36.34,37.15,36.66,270.37,7.38,23.65,0
519,4.95,1.92,11918,12216,299,Car,2,411.01,33.19,37.61,34.50,19.48,0.58,-1.00,0
520,4.85,1.82,11941,12302,362,Car,2,410.53,27.54,30.19,28.44,13.73,0.48,6.31,1
521,4.45,1.82,11951,12251,301,Car,2,410.86,33.43,36.62,34.26,35.83,1.06,37.66,0
522,4.85,1.92,11972,12268,297,Car,2,409.68,33.89,35.56,34.62,18.79,0.54,24.45,0
523,4.55,1.92,12019,12341,323,Car,2,409.44,31.37,32.35,31.80,46.76,1.45,17.39,0
524,5.46,2.12,12050,12343,294,Car,1,410.41,33.24,36.31,35.03,241.23,6.77,116.78,0
525,5.05,2.12,12077,12409,333,Car,2,402.03,29.64,30.87,30.29,137.82,4.46,27.35,1
526,5.46,2.02,12077,12483,407,Car,2,411.15,25.09,25.68,25.33,27.88,1.11,258.39,0
527,4.24,1.82,12121,12474,354,Car,2,410.58,28.67,30.15,29.09,49.32,1.72,59.21,0
528,4.65,1.92,12164,12453,290,Car,1,410.89,35.24,36.07,35.56,151.51,4.29,74.39,0
529,15.46,2.50,12193,12591,399,Truck,2,407.55,25.49,25.78,25.60,96.35,3.77,162.67,0
530,4.75,2.12,12280,12547,268,Car,1,410.75,38.05,39.18,38.48,139.89,3.66,42.23,0
531,5.05,2.02,12421,12659,239,Car,1,402.30,41.82,43.27,42.29,-1.00,-1.00,-1.00,0
532,4.55,1.92,12472,12750,279,Car,2,403.38,35.93,36.90,36.30,231.47,6.41,22.37,1
533,4.24,1.82,12483,12753,271,Car,2,411.29,37.81,38.74,38.11,-1.00,-1.00,-1.00,0
534,4.55,1.92,12501,12747,247,Car,1,411.44,41.30,43.10,41.83,129.76,3.05,141.16,0
535,17.08,2.50,12508,12914,407,Truck,2,408.93,24.84,25.52,25.20,69.84,2.73,-1.00,0
536,4.95,1.92,12545,12827,283,Car,2,404.27,35.60,36.68,35.87,90.29,2.52,-1.00,0
537,3.94,2.02,12552,12838,287,Car,1,403.22,34.87,35.73,35.26,-1.00,-1.00,-1.00,0
538,4.85,1.82,12553,12843,291,Car,2,410.76,35.14,35.79,35.43,113.95,3.20,-1.00,0
539,5.15,2.12,12597,12840,244,Car,1,409.42,41.71,42.80,42.14,153.36,3.62,131.75,0
540,4.14,1.92,12607,12887,281,Car,2,409.35,36.12,36.81,36.57,59.64,1.63,40.35,0
541,16.98,2.50,12623,13035,413,Truck,2,408.98,24.70,24.96,24.83,100.11,4.03,12824.07,0
542,4.85,2.02,12732,13018,287,Car,2,411.45,35.10,36.70,35.99,179.47,5.11,-1.00,0
543,5.76,1.92,12772,13048,277,Car,2,409.46,36.82,37.89,37.10,40.10,1.07,33.20,0
544,10.11,2.50,12793,13240,448,Truck,1,408.92,22.63,23.31,22.88,30.58,1.33,-1.00,0
545,4.65,1.92,12796,13067,272,Car,1,403.02,36.86,37.74,37.20,-1.00,-1.00,-1.00,1
546,4.85,1.92,12827,13145,319,Car,2,409.23,30.32,32.87,32.19,132.34,4.08,17.74,0
547,3.94,1.82,12836,13111,276,Car,2,411.35,37.12,38.25,37.42,91.00,2.43,176.29,0
548,5.05,2.02,12864,13257,394,Car,1,402.37,23.48,29.08,25.61,-1.00,-1.00,-1.00,0
549,5.36,1.92,12892,13282,391,Car,1,402.20,23.45,28.98,25.80,17.96,0.75,16.32,0
550,4.04,1.82,12907,13299,393,Car,1,403.06,23.11,29.28,25.73,10.45,0.39,14.24,0
551,8.89,2.50,13070,13507,438,Truck,1,395.50,22.39,22.95,22.63,167.94,7.39,-1.00,0
552,19.61,2.50,13084,13520,437,Truck,2,412.11,23.28,23.88,23.64,28.55,1.22,-1.00,0
553,12.23,2.50,13095,13514,420,Truck,2,406.68,24.02,24.74,24.27,19.66,0.81,-1.00,0
554,4.24,1.92,13115,13396,282,Car,2,411.01,36.25,36.81,36.58,-1.00,-1.00,-1.00,2
555,5.05,1.92,13152,13418,267,Car,2,402.93,37.39,39.08,37.89,46.28,1.23,49.59,1
556,5.15,2.02,13178,13595,418,Car,2,410.48,24.46,25.09,24.62,71.71,2.90,59.15,0
557,4.14,1.82,13227,13509,283,Car,1,402.81,35.42,36.34,35.73,386.70,10.65,29.08,0
558,14.05,2.50,13242,13646,405,Truck,2,408.14,25.02,25.59,25.27,37.34,1.47,52.88,0
559,17.18,2.50,13300,13696,397,Truck,1,387.04,24.27,24.72,24.44,176.06,7.24,80.91,0
560,4.85,1.92,13339,13631,293,Car,1,402.85,34.02,34.81,34.51,27.20,0.78,-1.00,0
561,5.05,2.12,13350,13604,255,Car,1,400.59,39.08,39.99,39.45,-1.00,-1.00,-1.00,1
562,4.75,1.92,13387,13677,291,Car,2,402.77,34.27,35.59,34.74,228.39,6.58,22.94,0
563,17.08,2.50,13413,13828,416,Truck,2,408.71,24.40,25.22,24.63,155.64,6.35,-1.00,0
564,17.18,2.50,13422,13804,383,Truck,1,386.46,25.06,25.64,25.30,92.46,3.67,74.67,0
565,5.46,2.22,13426,13720,295,Car,1,408.35,34.34,35.63,34.74,110.46,3.17,81.47,0
566,3.74,1.72,13437,13843,407,Car,1,410.83,24.78,26.08,25.30,10.92,0.43,26.05,0
567,4.85,2.02,13458,13859,402,Car,1,403.44,24.80,25.34,25.16,17.15,0.68,40.28,0
568,4.55,1.92,13477,13888,412,Car,1,410.90,24.14,26.45,25.00,13.59,0.53,12.17,0
569,4.85,2.02,13487,13748,262,Car,1,402.36,37.52,39.74,38.56,213.74,5.69,-1.00,0
570,17.28,2.50,13540,13925,386,Truck,1,386.42,24.82,25.45,25.10,63.92,2.55,-1.00,0
571,17.48,2.50,13581,14015,435,Truck,1,408.59,23.35,23.77,23.54,24.41,1.02,-1.00,0
572,4.65,1.92,13584,13870,287,Car,2,409.17,35.44,36.51,35.79,107.06,3.02,9.88,1
573,5.05,1.92,13587,13849,263,Car,1,400.81,37.17,39.64,38.26,145.78,3.92,-1.00,1
574,4.75,1.82,13592,14016,425,Car,1,403.72,23.18,24.98,23.82,108.02,4.34,144.17,0
575,4.45,1.92,13613,14043,431,Car,1,410.11,22.94,25.08,23.85,13.03,0.56,23.07,0
576,4.90,2.02,13625,14064,440,Car,1,410.64,22.26,24.75,23.40,7.14,0.30,12.19,0
577,4.85,2.02,13631,13921,291,Car,1,402.40,34.25,35.35,34.70,61.22,1.73,-1.00,0
578,5.36,2.12,13635,13997,363,Car,1,401.62,26.71,30.67,27.75,9.87,0.35,2.17,1
579,11.02,2.63,13690,14116,427,Car,1,396.48,22.89,23.98,23.27,48.00,2.09,2330.63,0
580,5.56,2.22,13695,14026,332,Car,2,401.68,29.95,31.11,30.35,153.59,5.12,47.00,0
581,4.35,1.92,13766,14047,282,Car,2,402.01,35.48,36.45,35.79,254.91,7.11,3780.98,0
582,13.54,2.53,13788,14192,405,Car,2,408.69,24.85,26.09,25.30,97.81,3.85,-1.00,0
583,5.05,1.92,13819,14230,412,Car,2,409.96,24.75,25.45,24.95,28.37,1.14,-1.00,0
584,9.30,2.50,13875,14320,446,Truck,1,406.40,22.65,23.31,22.84,223.76,9.67,223.19,0
585,3.03,1.72,13921,14251,331,Car,2,410.54,30.84,31.49,31.12,220.09,7.03,-1.00,0
586,17.08,2.50,13922,14331,410,Truck,2,407.91,24.83,25.16,24.94,82.93,3.33,667.76,0
587,10.91,2.43,13980,14396,417,Car,2,408.59,24.10,25.37,24.57,47.79,1.93,-1.00,0
588,4.14,1.82,13997,14253,257,Car,1,410.50,39.71,40.95,40.10,201.44,5.06,12.75,0
589,4.75,1.92,14026,14295,270,Car,2,408.96,36.44,40.39,38.03,-1.00,-1.00,-1.00,0
590,4.65,1.92,14027,14310,284,Car,1,410.46,35.29,37.03,36.27,44.25,1.20,-1.00,0
591,5.15,2.02,14058,14326,269,Car,2,408.62,37.54,39.93,38.14,39.06,1.04,44.81,0
592,4.55,1.82,14059,14405,347,Car,2,408.26,29.28,29.96,29.52,164.32,5.57,-1.00,0
593,4.65,1.82,14107,14451,345,Car,2,408.83,29.38,30.29,29.72,51.11,1.70,117.91,0
594,13.54,2.50,14121,14533,413,Truck,1,408.36,24.57,25.11,24.78,33.94,1.37,85.59,0
595,5.96,2.63,14153,14494,342,Truck,2,407.80,29.64,30.74,29.91,46.43,1.55,108.87,0
596,17.28,2.50,14175,14558,384,Truck,1,385.57,24.85,25.68,25.18,30.13,1.17,41.98,0
597,4.75,1.92,14178,14464,287,Car,1,403.26,32.76,37.00,35.26,214.06,5.86,224.26,1
598,16.57,2.50,14218,14629,412,Truck,1,409.40,24.50,25.29,24.90,28.57,1.14,202.67,0
599,7.02,2.50,14222,14564,343,Truck,1,406.82,29.02,30.71,29.75,54.64,1.78,-1.00,0
600,4.35,1.72,14223,14547,325,Car,2,403.07,30.00,32.69,31.11,185.31,6.04,26.01,0
601,8.19,2.50,14277,14669,393,Truck,2,406.75,25.73,26.72,25.96,60.27,2.31,-1.00,0
602,19.50,2.50,14288,14713,426,Truck,1,406.90,23.64,24.26,23.93,49.97,2.08,-1.00,0
603,4.45,2.02,14289,14534,246,Car,2,401.91,40.53,41.36,41.03,70.70,1.71,6.64,1
604,5.15,1.92,14294,14591,298,Car,1,401.82,33.05,35.38,33.83,37.13,1.11,11.07,1
605,14.05,2.50,14330,14684,355,Truck,1,390.06,27.05,28.25,27.56,53.47,1.92,-1.00,0
606,16.98,2.50,14338,14781,444,Truck,1,408.75,22.75,23.63,23.08,31.30,1.32,-1.00,0
607,7.38,2.83,14369,14721,353,Car,1,400.41,27.89,29.38,28.45,26.04,0.91,26.20,0
608,4.95,2.22,14373,14639,267,Car,1,402.06,37.28,39.12,37.81,102.02,2.63,21.38,0
609,10.51,2.50,14384,14794,411,Truck,2,407.33,24.61,25.21,24.85,99.51,4.00,-1.00,0
610,9.30,2.50,14401,14834,434,Truck,1,395.81,22.05,23.71,22.86,47.96,2.07,81.63,0
611,3.94,1.82,14468,14904,437,Car,1,410.32,22.88,24.41,23.54,50.60,2.14,43.81,0
612,16.17,2.50,14495,14904,410,Truck,2,407.70,24.76,25.34,24.94,93.39,3.74,274.13,0
613,4.65,2.02,14498,14733,236,Car,1,400.25,42.08,43.68,42.61,75.98,1.80,5.44,1
614,5.46,2.02,14605,14888,284,Car,2,409.42,35.76,36.85,36.18,-1.00,-1.00,-1.00,0
615,19.71,2.50,14635,15064,430,Truck,1,408.56,23.68,24.20,23.82,19.55,0.82,-1.00,0
616,4.35,1.82,14641,14954,314,Car,1,402.85,29.22,32.79,32.19,239.49,7.31,-1.00,2
617,4.45,1.92,14666,14997,332,Car,1,411.80,30.80,31.52,31.12,30.12,0.95,96.71,1
618,5.26,2.12,14668,15095,428,Car,1,410.30,23.55,25.46,24.03,114.28,4.84,73.13,0
619,4.95,2.02,14700,15034,335,Car,1,402.96,29.97,30.38,30.17,37.05,1.22,-1.00,0
620,4.45,1.92,14723,15062,340,Car,1,409.19,29.25,30.65,30.19,21.50,0.70,52.46,0
621,16.98,2.50,14728,15153,426,Truck,1,407.30,23.71,24.46,23.97,67.91,2.85,93.19,0
622,4.45,1.72,14766,15074,309,Car,2,411.09,33.07,33.94,33.39,228.34,6.83,-1.00,0
623,3.74,1.82,14773,15093,321,Car,1,409.12,31.24,34.28,31.97,35.62,1.13,11.79,0
624,4.14,1.82,14784,15091,308,Car,2,402.96,32.38,34.11,32.84,248.18,7.60,34.05,0
625,16.93,2.50,14786,15220,435,Truck,1,409.87,23.42,23.81,23.62,39.87,1.67,-1.00,0
626,4.24,1.72,14794,15191,398,Car,1,411.01,25.68,26.87,25.90,94.83,3.67,43.13,0
627,4.85,1.92,14825,15240,416,Car,1,410.70,23.69,26.64,24.75,27.96,1.05,208.22,0
628,4.75,1.92,14842,15130,289,Car,1,409.35,33.80,36.44,35.55,46.26,1.34,13.13,0
629,17.18,2.50,14891,15330,440,Truck,1,407.13,22.86,23.85,23.19,48.05,2.01,-1.00,0
630,16.88,2.50,14899,15310,412,Truck,2,407.83,24.67,25.26,24.83,132.03,5.26,-1.00,0
631,5.15,2.12,14921,15164,244,Car,2,408.37,41.53,43.45,42.04,149.55,3.56,18.58,1
632,11.72,2.50,14947,15354,408,Truck,1,408.22,24.84,25.39,25.08,124.31,4.98,74.34,0
633,16.88,2.50,14956,15368,413,Truck,2,408.50,24.66,25.23,24.80,39.38,1.59,311.05,0
634,4.95,1.92,14959,15241,283,Car,1,409.50,35.70,36.74,36.32,155.43,4.30,67.33,0
635,4.55,1.92,14961,15271,311,Car,2,402.48,30.78,33.15,32.46,62.43,2.02,-1.00,1
636,9.90,2.50,14964,15424,461,Truck,1,409.07,21.76,23.03,22.24,61.23,2.66,-1.00,0
637,3.94,1.92,14976,15327,352,Car,1,402.21,27.47,30.78,28.66,5.65,0.20,1.68,1
638,11.02,2.50,14979,15403,425,Truck,2,407.31,23.28,24.38,24.03,11.74,0.50,-1.00,0
639,4.85,1.92,14997,15302,306,Car,1,403.70,32.61,33.59,33.11,51.75,1.57,-1.00,0
640,5.05,2.02,15110,15392,283,Car,1,401.86,32.90,37.61,35.65,53.00,1.57,6.12,1
641,17.08,2.50,15124,15527,404,Truck,1,409.25,25.13,25.67,25.39,29.64,1.16,209.86,0
642,16.78,2.50,15127,15530,404,Truck,2,408.56,24.70,25.80,25.34,110.36,4.35,86.47,0
643,5.46,2.22,15128,15402,275,Car,1,401.84,36.36,37.21,36.69,21.52,0.58,17.05,0
644,3.64,1.82,15151,15449,299,Car,1,411.11,33.93,34.86,34.51,31.31,0.90,-1.00,0
645,18.80,2.50,15167,15570,404,Truck,2,409.95,25.25,25.88,25.45,22.51,0.88,154.23,0
646,16.88,2.50,15167,15590,424,Truck,1,407.15,23.88,24.33,24.06,27.17,1.13,-1.00,0
647,4.75,1.92,15170,15468,299,Car,1,402.73,33.26,34.79,33.81,20.97,0.62,-1.00,0
648,3.84,1.92,15195,15509,315,Car,1,410.46,32.43,32.98,32.70,29.27,0.89,-1.00,0
649,17.48,2.50,15204,15634,431,Truck,1,408.21,23.25,24.50,23.74,19.35,0.83,138.49,0
650,16.88,2.50,15218,15651,434,Truck,2,409.16,23.46,24.03,23.63,32.88,1.39,-1.00,0
651,5.05,1.92,15220,15529,310,Car,1,403.23,32.05,33.06,32.63,28.09,0.85,61.33,0
652,5.05,2.02,15239,15561,323,Car,1,409.19,31.01,32.90,31.79,17.87,0.56,-1.00,0
653,4.75,2.02,15239,15596,358,Car,1,410.08,27.30,30.82,28.73,9.32,0.33,4.24,1
654,3.84,1.82,15271,15689,419,Car,1,410.49,23.83,25.86,24.56,30.43,1.23,38.45,0
655,4.65,1.92,15283,15641,359,Car,1,410.15,28.46,29.00,28.66,243.44,8.50,39.40,0
656,4.65,2.02,15323,15625,303,Car,1,410.09,31.58,37.98,33.96,31.87,1.00,7.97,0
657,5.15,1.92,15353,15613,261,Car,2,410.59,39.19,40.46,39.50,-1.00,-1.00,-1.00,0
658,5.66,2.43,15363,15689,327,Car,1,410.94,29.57,34.66,31.52,5.32,0.17,5.13,1
659,4.85,1.92,15364,15672,309,Car,1,410.55,31.49,38.69,33.33,52.74,1.45,31.03,0
660,5.15,1.92,15424,15745,322,Car,2,402.71,30.95,31.85,31.38,122.10,3.88,16.48,0
661,5.56,2.22,15437,15704,268,Car,2,411.89,38.31,39.02,38.59,126.89,3.27,-1.00,1
662,4.65,1.82,15453,15749,297,Car,2,402.12,33.58,34.90,33.98,18.65,0.55,-1.00,0
663,4.35,1.82,15458,15784,327,Car,2,409.80,31.16,32.06,31.45,38.04,1.19,184.63,0
664,5.05,2.02,15484,15696,213,Car,2,411.51,48.30,49.35,48.57,-1.00,-1.00,-1.00,0
665,4.85,1.92,15490,15794,305,Car,1,410.15,32.94,34.82,33.74,138.08,4.14,18.55,0
666,5.15,2.02,15550,15853,304,Car,2,402.06,32.86,33.76,33.19,95.51,2.87,62.72,1
667,6.97,2.32,15571,15936,366,Truck,2,384.07,25.65,27.04,26.31,15.83,0.60,-1.00,0
668,4.85,1.92,15581,15961,381,Car,2,403.95,25.35,29.92,26.59,30.00,1.03,14.27,0
669,4.75,1.92,15584,15896,313,Car,2,411.26,31.71,34.46,32.97,41.25,1.30,-1.00,0
670,4.24,1.82,15591,15857,267,Car,1,409.36,38.05,38.87,38.49,253.10,6.57,28.22,0
671,4.65,2.02,15606,15885,280,Car,1,403.00,35.88,36.85,36.13,134.55,3.74,41.73,0
672,4.35,2.02,15607,15926,320,Car,2,410.53,31.40,33.95,32.19,23.61,0.74,-1.00,0
673,5.05,2.02,15611,15967,357,Car,1,402.33,27.91,28.92,28.26,370.07,12.80,1499.56,0
674,4.95,1.92,15623,15884,262,Car,1,402.29,37.84,39.20,38.54,12.01,0.31,5.04,1
675,4.55,1.92,15649,15938,290,Car,1,403.59,34.24,36.26,34.93,36.06,1.03,-1.00,0
676,4.45,1.92,15728,16012,285,Car,2,404.07,35.26,36.23,35.59,68.81,1.92,11.46,1
677,4.24,1.82,15770,16052,283,Car,1,410.46,35.65,37.36,36.40,152.59,4.21,54.03,0
678,5.66,2.53,15794,16083,290,Car,1,410.90,35.23,36.35,35.56,30.31,0.83,-1.00,0
679,8.08,1.92,15805,16138,334,Car,1,410.93,30.59,31.23,30.86,7.80,0.25,-1.00,0
680,4.55,1.92,15812,16090,279,Car,2,402.84,35.77,37.53,36.25,111.11,3.05,77.09,0
681,3.74,1.82,15842,16110,269,Car,1,405.12,37.17,39.12,37.81,334.35,8.54,168565.11,0
682,4.55,1.92,15861,16143,283,Car,2,410.22,36.11,37.12,36.40,64.78,1.79,100.62,0
683,16.88,2.50,15885,16294,410,Truck,1,387.81,23.53,24.04,23.71,291.15,12.21,-1.00,0
684,16.98,2.50,15888,16298,411,Truck,2,387.08,23.43,24.01,23.61,207.41,8.85,-1.00,0
685,4.35,1.82,15943,16367,425,Car,1,409.55,23.85,24.76,24.16,45.04,1.86,62.29,0
686,4.85,2.02,15969,16265,297,Car,1,403.21,33.74,34.90,34.08,174.74,5.18,46.42,0
687,15.36,2.50,15972,16406,435,Truck,2,407.72,22.72,25.03,23.50,60.43,2.54,48.26,0
688,4.35,1.82,16003,16273,271,Car,2,409.65,37.65,38.65,37.95,192.79,5.12,113.00,0
689,4.35,1.82,16033,16343,311,Car,2,410.14,32.67,33.67,33.09,42.03,1.25,-1.00,0
690,5.26,2.02,16070,16346,277,Car,2,408.94,36.83,37.65,37.06,-1.00,-1.00,-1.00,0
691,4.85,2.02,16102,16409,308,Car,2,409.60,31.57,34.99,33.37,86.69,2.53,88.80,0
692,4.95,1.92,16126,16428,303,Car,2,402.16,32.53,34.78,33.31,22.93,0.70,21.19,0
693,11.02,2.50,16129,16532,404,Truck,2,408.47,25.19,25.77,25.35,117.57,4.63,44.68,0
694,4.35,1.82,16183,16581,399,Car,2,409.90,25.49,26.25,25.77,46.16,1.77,78.39,0
695,3.84,1.82,16317,16586,270,Car,2,411.71,38.09,38.68,38.29,229.95,6.03,52.29,0
696,20.31,2.50,16321,16726,406,Truck,1,408.04,25.00,25.48,25.20,43.31,1.72,218.01,0
697,4.55,1.92,16365,16631,267,Car,1,403.69,37.59,38.72,37.96,-1.00,-1.00,-1.00,1
698,4.85,1.92,16437,16711,275,Car,2,400.71,35.89,37.18,36.58,175.79,4.83,-1.00,0
699,15.77,2.50,16442,16881,440,Truck,1,389.94,21.77,23.12,22.21,107.62,4.65,-1.00,0
700,5.96,2.22,16452,16777,326,Truck,2,399.03,30.56,31.33,30.71,245.28,8.02,54.36,0
701,4.65,1.82,16459,16737,279,Car,2,402.08,35.62,36.66,36.18,28.15,0.79,131.80,0
702,4.14,2.02,16464,16729,266,Car,2,410.81,38.20,39.99,38.78,-1.00,-1.00,-1.00,0
703,17.08,2.50,16475,16845,371,Truck,1,370.87,24.90,25.58,25.09,111.50,4.40,-1.00,0
704,5.05,2.02,16484,16746,263,Car,2,410.87,38.49,40.18,39.23,20.98,0.54,13.81,0
705,4.35,1.82,16516,16811,296,Car,2,410.86,34.04,35.60,34.84,78.90,2.32,-1.00,0
706,4.65,2.02,16538,16921,384,Car,1,403.65,21.19,34.39,26.36,16.57,0.75,4.76,0
707,4.55,1.82,16563,16811,249,Car,2,409.29,40.53,42.12,41.29,104.80,2.52,45.25,0
708,8.79,2.50,16602,17049,448,Truck,2,405.97,22.36,22.99,22.70,173.00,7.73,-1.00,0
709,5.05,2.12,16619,16895,277,Car,1,402.93,36.24,36.73,36.51,134.59,3.67,11.58,1
710,5.36,2.12,16649,16939,291,Car,1,402.37,34.45,35.19,34.70,38.18,1.08,13.92,0
711,4.45,1.92,16673,16958,286,Car,2,408.93,35.46,36.99,35.89,175.64,4.94,-1.00,1
712,4.65,1.92,16675,16938,264,Car,1,403.95,38.25,38.58,38.41,61.06,1.58,28.91,0
713,13.54,2.50,16678,17042,365,Truck,2,408.35,27.81,28.64,28.06,39.19,1.40,-1.00,0
714,5.36,2.02,16701,17057,357,Car,2,401.42,27.50,29.14,28.20,17.90,0.64,20.22,0
715,17.18,2.50,16708,17111,404,Truck,2,406.15,25.09,25.55,25.21,45.47,1.79,19.71,0
716,3.94,1.82,16742,17035,294,Car,2,410.42,34.69,35.96,35.03,95.53,2.75,-1.00,0
717,5.56,2.12,16744,17097,354,Car,2,408.65,28.23,29.98,28.96,35.23,1.19,29.70,0
718,4.95,1.92,16762,17058,297,Car,1,409.77,33.04,36.32,34.62,174.89,5.11,13.41,0
719,4.45,1.92,16785,17070,286,Car,1,403.66,34.78,36.37,35.43,182.81,5.20,164.99,1
720,5.05,2.02,16790,17073,284,Car,2,408.82,35.85,36.81,36.14,51.15,1.40,39.71,0
721,4.35,1.82,16809,17103,295,Car,1,403.40,33.89,35.64,34.33,63.90,1.79,65.35,0
722,4.65,1.82,16835,17115,281,Car,2,409.07,36.10,37.47,36.54,56.81,1.55,77.16,0
723,16.98,2.50,16861,17299,439,Truck,1,409.21,22.96,24.22,23.36,16.78,0.72,-1.00,0
724,5.05,2.02,16883,17166,284,Car,2,407.90,35.70,36.73,36.05,94.89,2.63,15.77,0
725,4.55,1.92,16885,17142,258,Car,1,410.12,39.37,40.83,39.91,102.37,2.58,31.69,0
726,5.05,1.92,16895,17184,290,Car,1,409.20,32.36,37.52,35.42,18.28,0.56,2.55,2
727,5.15,1.87,16902,17156,255,Car,2,409.57,39.79,40.90,40.33,61.72,1.52,17.83,0
728,4.55,1.92,16928,17197,270,Car,1,409.38,36.71,39.55,38.06,20.67,0.55,5.84,0
729,4.65,1.92,16934,17184,251,Car,2,409.10,38.75,42.25,40.93,42.97,1.01,27.60,0
730,10.11,2.50,16936,17318,383,Truck,2,393.18,25.46,26.11,25.75,65.48,2.53,-1.00,0
731,4.35,1.92,16939,17248,310,Car,1,403.81,31.20,34.14,32.69,38.41,1.20,4.91,2
732,9.10,2.50,16946,17362,417,Truck,2,407.03,24.30,24.92,24.47,231.75,9.47,-1.00,0
733,8.79,2.50,16965,17403,439,Truck,1,409.06,23.14,23.77,23.36,18.37,0.79,759.24,1
734,12.43,2.50,16970,17359,390,Truck,2,406.26,25.89,26.88,26.12,18.62,0.70,45.32,0
735,3.74,1.82,16987,17333,347,Car,1,408.58,25.71,32.73,29.53,52.64,1.63,9.50,1
736,4.95,1.92,16990,17286,297,Car,2,409.17,34.19,35.31,34.58,83.09,2.38,-1.00,0
737,7.88,2.50,16992,17387,396,Truck,2,407.82,25.38,26.52,25.82,14.89,0.57,51.14,0
738,5.56,2.22,17026,17301,276,Car,2,400.21,35.44,38.19,36.41,25.16,0.66,9.78,0
739,7.68,2.53,17060,17424,365,Car,1,409.81,24.44,30.40,28.15,13.26,0.53,5.41,0
740,4.65,1.92,17065,17260,196,Car,1,303.37,35.57,46.59,38.93,15.11,0.41,3.66,0
741,15.26,2.50,17069,17460,392,Truck,2,371.11,23.56,24.09,23.76,69.12,2.88,-1.00,0
742,3.84,1.82,17089,17384,296,Car,1,410.98,33.45,37.76,34.85,139.57,3.69,-1.00,0
743,6.97,2.12,17115,17511,397,Truck,2,407.39,24.91,26.48,25.73,45.20,1.80,22.00,0
744,5.05,2.02,17141,17394,254,Car,1,401.31,34.33,44.20,39.66,17.26,0.49,4.76,0
745,4.35,1.82,17144,17428,285,Car,1,402.08,32.69,39.65,35.41,9.00,0.27,2.60,1
746,4.35,1.82,17165,17444,280,Car,2,407.41,35.94,37.76,36.53,194.09,5.34,1518.76,0
747,4.24,1.82,17189,17478,290,Car,1,402.81,33.24,35.78,34.86,201.01,5.77,22.06,0
748,11.72,2.63,17190,17595,406,Car,2,401.47,24.58,25.22,24.79,61.03,2.45,-1.00,0
749,4.85,1.82,17203,17416,214,Car,1,316.20,33.38,41.86,37.15,16.04,0.38,50.50,0
750,3.94,1.82,17271,17558,288,Car,2,409.20,35.25,36.15,35.66,239.65,6.77,25.98,0
751,7.28,2.50,17374,17749,376,Truck,2,407.64,26.75,27.86,27.18,160.69,5.98,64.01,0
752,4.14,1.82,17388,17711,324,Car,1,404.45,31.02,31.67,31.32,347.49,10.97,-1.00,1
753,5.05,2.12,17396,17640,245,Car,1,401.56,40.08,42.62,41.17,266.09,6.55,36.07,0
754,17.08,2.50,17400,17806,407,Truck,1,407.87,24.84,25.45,25.12,16.26,0.64,362.48,0
755,4.35,1.82,17434,17758,325,Car,2,402.29,30.78,31.41,31.06,234.86,7.48,-1.00,1
756,4.55,2.02,17442,17806,365,Car,2,409.38,27.84,28.86,28.13,9.38,0.33,-1.00,0
757,6.57,2.43,17456,17846,391,Car,1,409.97,25.53,27.28,26.29,36.36,1.35,20.78,0
758,4.55,2.02,17471,17836,366,Car,2,409.96,27.56,29.50,28.09,25.28,0.90,18.60,0
759,5.05,1.92,17490,17769,280,Car,2,410.00,36.42,37.48,36.76,-1.00,-1.00,-1.00,0
760,4.24,1.92,17507,17762,256,Car,1,402.25,39.11,40.20,39.47,-1.00,-1.00,-1.00,0
761,8.39,2.50,17522,17911,390,Truck,1,396.11,25.21,26.07,25.46,59.72,2.29,-1.00,0
762,4.95,1.92,17527,17811,285,Car,2,410.06,35.85,36.61,36.12,49.25,1.36,-1.00,0
763,9.30,2.50,17530,17939,410,Truck,2,406.84,24.65,25.44,24.88,159.20,6.41,-1.00,0
764,4.85,1.92,17536,17884,349,Car,1,403.07,25.87,35.43,28.97,9.58,0.36,11.73,1
765,6.16,2.32,17546,17832,287,Car,1,410.95,35.59,36.66,35.94,57.15,1.56,-1.00,0
766,8.34,2.50,17549,17973,425,Truck,1,407.17,23.76,24.54,24.02,11.94,0.49,-1.00,0
767,5.15,2.12,17558,17937,380,Car,1,402.93,26.26,27.02,26.59,16.77,0.63,16.53,1
768,16.98,2.50,17564,17969,406,Truck,2,408.68,25.10,25.52,25.24,13.16,0.51,31.14,0
769,3.94,1.72,17568,17883,316,Car,2,403.25,31.65,32.75,32.03,61.81,1.95,18.34,0
770,8.49,1.92,17574,18005,432,Car,1,410.30,23.45,24.71,23.81,16.80,0.69,51.02,0
771,4.85,1.92,17591,18025,435,Car,1,410.58,23.29,24.31,23.66,12.34,0.51,38.49,0
772,3.64,1.72,17614,18046,433,Car,1,409.62,23.18,24.36,23.71,15.70,0.65,30.92,0
773,4.24,1.82,17619,17924,306,Car,2,409.39,32.98,33.93,33.58,43.42,1.31,25.44,0
774,4.35,1.82,17655,17921,267,Car,2,409.98,37.08,40.43,38.57,18.21,0.47,7.25,1
775,5.26,1.92,17657,17887,231,Car,2,408.56,44.15,45.28,44.45,130.51,2.94,16.97,0
776,4.55,1.92,17657,18087,431,Car,1,409.29,22.04,27.47,23.80,25.83,1.07,9.05,0
777,6.06,2.32,17670,17971,302,Car,1,408.46,33.62,34.27,33.94,37.85,1.11,5.27,0
778,4.55,1.82,17770,18023,254,Car,1,409.32,39.91,41.11,40.46,305.63,7.56,66.24,0
779,4.65,1.92,17790,18092,303,Car,1,409.27,33.23,35.54,33.89,157.34,4.54,90.75,0
780,4.45,1.92,17802,18112,311,Car,1,402.33,27.57,37.56,32.45,30.44,1.06,6.28,0
781,4.24,1.82,17806,18083,278,Car,2,402.78,36.21,37.05,36.38,232.87,6.43,72.08,0
782,4.65,1.92,17829,18095,267,Car,2,410.55,38.25,39.26,38.60,259.70,6.72,-1.00,0
783,6.27,2.32,17896,18190,295,Car,1,410.40,34.69,35.17,34.91,129.76,3.72,81.28,0
784,17.18,2.50,17918,18350,433,Truck,1,408.03,23.38,23.96,23.62,143.40,5.98,-1.00,0
785,8.08,2.53,17947,18261,315,Car,1,409.70,32.32,33.10,32.63,62.95,1.90,-1.00,0
786,4.45,2.02,17950,18380,431,Car,1,410.66,23.50,24.23,23.88,24.26,1.00,46.72,0
787,12.13,2.50,17971,18400,430,Truck,2,407.79,23.48,24.22,23.77,-1.00,-1.00,-1.00,0
788,17.08,2.50,18041,18463,423,Truck,1,387.53,22.75,23.31,22.97,68.68,2.94,-1.00,0
789,4.35,2.02,18066,18516,451,Car,1,410.48,22.61,23.11,22.81,20.07,0.87,15142.15,0
790,4.24,1.92,18071,18360,290,Car,1,410.77,35.28,35.98,35.55,136.70,3.85,44.10,0
791,4.85,1.92,18097,18548,452,Car,1,411.06,22.17,23.31,22.79,24.54,1.08,37.08,0
792,5.15,2.02,18107,18391,285,Car,2,401.84,35.06,35.99,35.39,-1.00,-1.00,-1.00,0
793,4.75,2.12,18155,18447,293,Car,1,402.04,31.50,36.56,34.44,109.53,3.03,87.26,0
794,4.04,1.82,18176,18539,364,Car,1,365.53,21.44,31.52,25.18,14.45,0.52,3.09,1
795,7.48,2.50,18188,18610,423,Truck,1,408.54,22.86,25.61,24.21,34.14,1.48,13.17,0
796,5.05,2.02,18211,18503,293,Car,1,402.70,33.96,35.70,34.49,72.21,2.10,25.45,0
797,16.78,2.50,18255,18651,397,Truck,1,387.24,23.67,25.43,24.45,38.00,1.57,20.46,0
798,3.94,2.02,18289,18599,311,Car,2,401.88,31.99,33.80,32.43,18.43,0.57,-1.00,0
799,4.85,2.02,18303,18546,244,Car,2,401.24,40.01,42.96,41.30,-1.00,-1.00,-1.00,1
800,17.08,2.50,18316,18752,437,Truck,2,408.29,23.30,23.79,23.43,309.09,13.25,-1.00,0
801,4.24,1.82,18338,18705,368,Car,2,409.62,24.61,30.97,27.92,13.09,0.49,4.48,1
802,17.08,2.50,18339,18749,411,Truck,1,408.92,24.71,25.39,24.94,45.54,1.84,112.11,1
803,4.75,2.02,18354,18773,420,Car,2,409.79,23.76,24.87,24.46,11.08,0.46,14.66,0
804,4.45,1.92,18355,18651,297,Car,1,410.92,34.43,35.06,34.72,-1.00,-1.00,-1.00,1
805,5.05,2.02,18386,18775,390,Car,2,410.51,24.23,31.50,26.39,14.20,0.49,2.94,1
806,6.16,2.32,18427,18742,316,Car,1,402.23,29.98,35.81,31.94,39.29,1.22,5.27,2
807,6.27,2.63,18434,18756,323,Car,2,409.05,31.36,32.21,31.77,58.04,1.82,16.33,0
808,16.98,2.50,18442,18851,410,Truck,1,410.23,24.91,25.34,25.08,21.19,0.83,199.86,0
809,11.32,2.50,18446,18890,445,Truck,1,410.78,22.98,23.31,23.13,14.64,0.63,-1.00,1
810,14.86,2.50,18502,18935,434,Truck,1,409.24,23.37,24.03,23.63,17.85,0.76,40.36,1
811,5.15,2.02,18503,18831,329,Car,2,409.96,30.44,32.24,31.27,64.95,2.13,42.58,0
812,4.65,1.92,18504,18778,275,Car,2,409.38,36.96,38.36,37.38,-1.00,-1.00,-1.00,0
813,4.75,2.02,18515,18865,351,Car,1,403.49,23.99,35.02,28.84,6.26,0.25,4.18,1
814,4.75,1.92,18521,18789,269,Car,1,402.65,36.49,37.84,37.58,221.80,5.97,91.11,0
815,5.15,2.02,18533,18808,276,Car,2,407.58,35.51,38.50,37.07,35.89,1.01,87.36,0
816,3.74,1.82,18549,18876,328,Car,2,403.82,30.08,31.75,30.89,54.37,1.72,314.34,0
817,8.24,2.50,18560,18999,440,Truck,1,407.92,22.72,24.42,23.24,47.35,2.06,-1.00,0
818,5.05,1.92,18567,18841,275,Car,2,409.71,36.63,38.46,37.41,42.48,1.15,25.55,0
819,4.85,2.02,18713,18980,268,Car,1,410.46,37.96,39.48,38.45,75.28,1.96,5.05,2
820,5.05,2.12,18726,19012,287,Car,1,402.63,34.70,35.70,35.21,15.66,0.44,9.37,0
821,19.40,2.50,18768,19160,393,Truck,2,408.72,25.92,26.60,26.08,383.17,14.72,184.38,0
822,4.85,1.92,18781,19096,316,Car,1,409.87,32.13,33.35,32.55,73.05,2.19,-1.00,0
823,4.85,2.12,18801,19121,321,Car,1,409.15,29.86,34.13,31.97,145.01,4.59,19.04,0
824,4.95,2.02,18818,19137,320,Car,1,410.76,30.29,36.22,32.20,13.05,0.40,8.88,1
825,4.75,2.02,18836,19163,328,Car,1,409.88,29.12,35.07,31.34,20.62,0.61,25.33,0
826,5.05,2.02,18854,19149,296,Car,2,401.65,33.25,35.14,34.06,367.46,10.46,102.54,0
827,16.98,2.50,18863,19286,424,Truck,2,405.98,23.78,24.27,24.00,81.30,3.41,-1.00,0
828,4.45,1.82,18874,19171,298,Car,1,411.07,33.75,35.59,34.62,96.78,2.86,34.40,0
829,9.40,2.50,18907,19328,422,Truck,1,407.68,23.94,24.66,24.22,87.38,3.54,-1.00,0
830,4.55,1.82,18923,19265,343,Car,2,402.96,29.17,29.76,29.47,92.31,3.12,-1.00,0
831,4.45,1.82,19020,19309,290,Car,2,404.03,34.45,35.66,34.97,57.30,1.65,10.63,1
832,14.86,2.50,19021,19429,409,Truck,1,408.20,24.79,25.76,25.03,29.06,1.15,-1.00,0
833,6.16,2.22,19060,19398,339,Truck,2,398.26,29.32,29.97,29.48,47.99,1.63,-1.00,1
834,17.08,2.50,19069,19485,417,Truck,2,409.17,24.46,24.98,24.60,40.86,1.66,272.27,0
835,5.51,2.12,19077,19373,297,Car,1,402.20,33.62,34.36,33.98,31.41,0.92,3.40,2
836,5.26,2.02,19107,19434,328,Car,1,411.10,30.08,33.97,31.45,21.21,0.69,4.30,1
837,5.15,2.12,19123,19398,276,Car,1,411.19,36.67,38.73,37.40,27.26,0.71,6.64,0
838,4.65,2.02,19154,19485,332,Car,1,409.54,29.37,33.63,30.95,181.31,5.99,24.16,0
839,10.81,2.50,19190,19597,408,Truck,1,405.93,24.69,25.33,24.94,35.01,1.38,-1.00,1
840,4.55,1.92,19194,19545,352,Car,2,402.27,28.49,29.28,28.67,71.23,2.49,20.09,0
841,4.65,1.82,19228,19512,285,Car,2,403.83,34.18,36.54,35.55,178.90,5.09,31.28,0
842,4.55,1.82,19247,19506,260,Car,1,409.38,38.86,40.53,39.54,109.27,2.77,14.14,0
843,4.04,1.72,19268,19540,273,Car,2,410.50,37.30,38.65,37.76,31.11,0.81,17.48,0
844,16.78,2.50,19277,19665,389,Truck,1,386.90,24.70,25.32,24.94,71.48,2.86,-1.00,1
845,4.35,1.82,19308,19595,288,Car,2,402.69,34.61,36.58,35.09,68.16,1.91,10.80,0
846,4.65,1.92,19320,19643,324,Car,1,402.76,30.67,31.86,31.18,77.12,2.50,13.31,1
847,4.95,1.92,19347,19614,268,Car,2,401.44,37.31,37.80,37.61,112.62,2.98,229.99,0
848,4.45,1.87,19368,19639,272,Car,2,410.35,37.40,38.36,37.88,54.25,1.45,18.70,0
849,3.84,1.82,19378,19684,307,Car,1,403.89,31.16,35.35,33.01,27.20,0.86,4.23,2
850,4.65,1.92,19395,19657,263,Car,1,401.47,32.71,41.13,38.33,12.77,0.32,2.96,0
851,4.45,1.82,19395,19704,310,Car,2,411.56,33.10,33.74,33.32,36.87,1.10,-1.00,0
852,14.86,2.50,19400,19811,412,Truck,1,408.54,24.63,25.21,24.86,27.72,1.10,-1.00,0
853,4.55,1.92,19452,19734,283,Car,1,403.65,34.80,36.30,35.80,85.53,2.43,31.48,0
854,16.98,2.50,19483,19875,393,Truck,1,386.59,24.39,24.99,24.66,65.05,2.61,333.87,0
855,5.76,2.32,19514,19842,329,Car,1,400.97,30.35,30.88,30.57,80.88,2.64,-1.00,0
856,17.18,2.50,19517,19931,415,Truck,1,406.80,24.35,24.79,24.57,16.56,0.66,410.43,0
857,10.91,2.43,19550,19975,426,Car,1,410.61,23.87,24.61,24.17,24.34,0.99,-1.00,0
858,4.75,2.12,19569,19986,418,Car,1,409.71,24.18,25.27,24.57,254.77,10.12,678.49,0
859,5.15,2.12,19614,19865,252,Car,1,402.29,34.47,45.90,40.09,26.98,0.76,5.64,0
860,4.35,2.12,19671,20002,332,Car,1,337.05,23.66,31.63,25.47,12.33,0.50,3.97,0
861,4.55,2.02,19681,19929,249,Car,1,411.00,40.41,42.74,41.45,91.27,2.22,13.78,0
862,4.35,1.82,19727,20000,274,Car,2,410.41,37.26,38.32,37.59,-1.00,-1.00,-1.00,0
863,6.37,2.32,19728,20028,301,Car,1,399.81,32.96,33.97,33.34,109.39,3.29,13.02,1
864,4.35,1.72,19783,20050,268,Car,2,403.90,36.96,39.50,37.84,-1.00,-1.00,-1.00,1
865,10.41,2.73,19786,20168,383,Car,1,409.68,26.28,27.99,26.82,68.05,2.43,60.83,0
866,4.85,2.12,19797,20110,314,Car,2,410.71,32.56,33.29,32.82,100.85,3.04,-1.00,0
867,4.14,1.82,19811,20100,290,Car,1,403.81,32.53,37.58,34.95,87.70,2.56,25.54,0
868,5.15,2.02,19832,20105,274,Car,2,410.54,37.31,38.34,37.62,70.76,1.87,103.76,1
869,3.94,1.82,19834,20157,324,Car,2,410.50,31.22,32.91,31.79,44.34,1.34,-1.00,1
870,5.05,2.12,19862,20247,386,Car,2,410.05,26.25,27.24,26.64,31.05,1.18,-1.00,0
871,4.45,1.92,19874,20166,293,Car,2,411.46,34.86,36.09,35.25,69.66,1.99,-1.00,0
872,4.55,1.82,19914,20204,291,Car,2,411.08,34.74,36.76,35.45,37.22,1.06,4.34,1
873,10.91,2.22,20041,20434,394,Car,1,397.06,24.24,26.18,25.27,-1.00,-1.00,-1.00,0
874,4.80,2.12,20080,20481,402,Car,1,411.07,24.37,27.45,25.64,28.40,1.14,25.72,0
875,18.09,2.50,20094,20501,408,Truck,2,408.96,24.93,25.57,25.13,16.31,0.64,-1.00,0
876,20.41,2.50,20108,20531,424,Truck,2,408.20,23.93,24.67,24.14,58.39,2.42,-1.00,0
877,4.85,1.92,20118,20404,287,Car,2,410.67,35.66,36.34,35.93,-1.00,-1.00,-1.00,1
878,3.84,1.92,20123,20522,400,Car,2,410.48,25.41,26.39,25.73,18.19,0.69,27.68,0
879,4.24,1.92,20144,20431,288,Car,2,404.67,33.46,36.79,35.28,32.56,0.90,30.58,2
880,3.84,1.92,20153,20550,398,Car,2,409.81,25.14,26.58,25.82,24.30,0.94,32.60,0
881,4.45,1.92,20199,20510,312,Car,2,410.64,32.76,33.44,33.03,72.45,2.19,-1.00,0
882,4.14,1.82,20255,20552,298,Car,1,404.12,33.37,35.84,34.04,126.74,3.76,14.58,1
883,4.04,1.92,20264,20583,320,Car,2,409.98,31.72,32.60,32.14,71.14,2.23,11.55,2
884,4.75,1.82,20319,20681,363,Car,1,409.74,27.41,30.08,28.31,84.90,2.82,55.44,0
885,4.14,1.82,20379,20697,319,Car,2,403.60,31.46,32.22,31.75,212.22,6.74,30.48,0
886,6.16,2.22,20446,20716,271,Car,1,400.82,36.76,37.92,37.14,238.92,6.46,56.24,0
887,5.15,2.02,20452,20707,256,Car,2,410.14,39.72,41.56,40.23,245.91,6.17,18.46,0
888,4.55,1.92,20482,20754,273,Car,1,410.57,37.17,38.75,37.75,43.19,1.14,38.81,0
889,3.84,1.72,20572,20841,270,Car,1,403.99,37.18,38.06,37.55,131.64,3.49,184.57,0
890,4.85,1.82,20573,20752,180,Car,2,401.09,55.05,57.97,56.07,383.38,6.95,17.00,0
891,4.75,1.92,20606,20854,249,Car,2,403.38,40.45,41.42,40.69,251.73,6.21,30.28,0
892,4.65,1.92,20624,20872,249,Car,1,403.36,39.95,41.54,40.69,-1.00,-1.00,-1.00,0
893,17.28,2.50,20656,21057,402,Truck,1,407.40,25.13,25.82,25.41,26.08,1.02,-1.00,0
894,4.35,1.82,20665,20929,265,Car,2,411.28,38.69,39.74,38.97,91.33,2.36,-1.00,0
895,5.05,2.12,20665,20930,266,Car,1,402.03,37.62,38.45,37.95,60.49,1.57,339.23,1
896,5.26,2.12,20673,20921,249,Car,1,401.21,37.75,44.56,40.47,6.88,0.17,4.48,0
897,4.75,1.92,20707,20964,258,Car,2,403.22,38.77,39.93,39.24,404.19,10.27,-1.00,0
898,7.18,2.50,20728,21083,356,Truck,1,398.30,27.58,29.40,28.06,-1.00,-1.00,-1.00,0
899,4.04,1.72,20733,21010,278,Car,2,404.59,35.20,37.31,36.53,101.97,2.76,-1.00,0
900,4.45,1.82,20750,21041,292,Car,1,403.74,34.35,35.15,34.70,113.65,3.23,-1.00,0
901,5.15,2.02,20752,21121,370,Car,1,401.89,26.42,28.99,27.24,23.36,0.80,247.86,0
902,4.14,1.92,20784,21070,287,Car,2,409.44,35.40,37.11,35.81,69.77,1.96,111.00,0
903,16.98,2.50,20797,21253,457,Truck,1,407.35,21.99,23.15,22.34,33.59,1.45,-1.00,0
904,7.78,2.53,20832,21133,302,Car,1,410.66,33.74,35.12,34.13,96.02,2.80,11.03,0
905,17.08,2.50,20839,21258,420,Truck,2,409.09,24.19,24.72,24.42,61.36,2.53,-1.00,0
906,4.45,1.92,20851,21142,292,Car,2,402.49,34.38,35.08,34.61,220.63,6.29,-1.00,1
907,5.15,2.12,20923,21206,284,Car,1,401.89,35.05,36.58,35.54,104.87,2.98,42.20,0
908,3.94,1.72,21005,21363,359,Car,2,411.19,28.29,30.02,28.73,118.63,4.11,28.76,0
909,4.85,2.02,21049,21261,213,Car,2,409.75,47.42,49.96,48.34,-1.00,-1.00,-1.00,0
910,3.74,1.72,21070,21358,289,Car,1,410.89,35.33,36.56,35.69,203.53,5.67,181.69,0
911,16.88,2.50,21086,21496,411,Truck,2,408.90,24.78,25.51,24.94,73.03,2.93,-1.00,0
912,4.45,1.82,21110,21392,283,Car,2,409.74,34.88,38.93,36.35,353.59,10.11,1335.90,0
913,5.05,2.02,21146,21415,270,Car,2,404.20,37.30,38.28,37.59,35.72,0.95,17.78,0
914,5.05,1.92,21219,21541,323,Car,1,410.81,31.40,32.93,31.91,209.16,6.35,-1.00,0
915,4.65,1.92,21222,21453,232,Car,2,410.10,43.44,45.94,44.41,328.38,7.56,-1.00,0
916,4.85,2.02,21229,21482,254,Car,2,411.27,39.79,41.57,40.67,82.23,2.03,5.23,1
917,4.45,1.82,21282,21551,270,Car,2,411.27,37.10,38.92,38.25,85.65,2.29,-1.00,1
918,4.85,1.82,21308,21533,226,Car,2,410.75,45.37,46.64,45.68,142.22,3.12,97.75,0
919,4.75,1.92,21327,21603,277,Car,1,410.09,36.79,37.67,37.17,123.02,3.29,21.54,1
920,5.26,2.02,21331,21550,220,Car,2,410.70,45.44,47.59,46.92,26.80,0.57,3.62,1
921,14.45,2.50,21343,21758,416,Truck,1,407.88,24.34,24.88,24.57,25.06,1.00,-1.00,0
922,12.23,2.50,21373,21789,417,Truck,1,407.99,24.33,24.92,24.53,54.71,2.19,-1.00,0
923,5.05,2.02,21462,21739,278,Car,2,409.31,36.46,37.76,36.97,265.99,7.11,-1.00,0
924,19.10,2.50,21463,21868,406,Truck,1,408.82,25.04,25.55,25.25,60.42,2.38,67.08,0
925,4.55,1.82,21503,21802,300,Car,2,410.71,33.88,35.37,34.35,-1.00,-1.00,-1.00,0
926,4.45,1.92,21507,21745,239,Car,2,402.88,40.46,44.97,42.36,29.02,0.67,4.60,2
927,18.19,2.50,21524,21940,417,Truck,1,387.25,23.07,23.63,23.28,44.38,1.88,-1.00,0
928,11.02,2.43,21557,21902,346,Car,2,393.26,28.40,28.79,28.51,71.60,2.49,-1.00,1
929,4.14,1.92,21562,21862,301,Car,1,409.63,33.59,34.62,34.15,-1.00,-1.00,-1.00,0
930,17.08,2.50,21568,21982,415,Truck,2,407.31,24.32,24.99,24.60,22.41,0.91,-1.00,0
931,5.05,1.92,21575,21839,265,Car,2,404.14,37.94,39.07,38.29,124.35,3.27,-1.00,1
932,17.08,2.50,21578,22033,456,Truck,1,408.38,21.68,23.26,22.44,33.14,1.48,-1.00,0
933,4.55,2.02,21581,21875,295,Car,1,410.63,33.37,39.52,34.93,8.68,0.25,3.51,0
934,6.57,2.32,21603,21891,289,Car,2,410.64,35.13,36.79,35.66,13.59,0.38,2.01,0
935,19.61,2.50,21619,22046,428,Truck,2,406.37,23.65,24.06,23.80,30.41,1.28,-1.00,0
936,4.85,2.02,21660,22006,347,Car,1,402.79,27.21,31.15,29.12,10.83,0.36,2.86,1
937,4.04,1.82,21686,22029,344,Car,1,404.93,29.05,30.16,29.53,17.08,0.58,9.20,1
938,6.87,2.50,21688,21986,299,Truck,1,407.79,33.44,36.01,34.22,142.95,4.11,66.70,0
939,5.26,2.02,21706,22012,307,Car,2,409.77,33.27,33.79,33.49,141.32,4.20,-1.00,0
940,17.08,2.50,21717,22122,406,Truck,2,407.47,24.98,25.48,25.17,59.29,2.36,43.92,0
941,5.26,2.12,21741,22009,269,Car,2,401.77,36.96,38.32,37.50,40.49,1.06,8.90,1
942,5.15,2.32,21776,22104,329,Car,1,402.41,29.99,32.05,30.68,-1.00,-1.00,-1.00,0
943,4.35,1.92,21821,22080,260,Car,1,402.68,35.57,40.76,38.88,71.26,1.91,9.14,0
944,4.75,1.82,21840,22077,238,Car,2,410.19,43.00,43.88,43.30,105.30,2.44,12.20,1
945,17.18,2.50,21848,22281,434,Truck,1,409.40,23.43,23.98,23.64,191.00,7.97,124.72,0
946,17.08,2.50,21923,22308,386,Truck,1,386.18,24.85,25.38,25.09,164.09,6.49,-1.00,0
947,4.45,2.02,21987,22265,279,Car,1,404.65,36.11,36.88,36.41,50.74,1.40,4.02,1
948,5.15,1.82,22007,22342,336,Car,2,409.51,30.17,31.20,30.59,397.83,12.87,-1.00,0
949,5.05,2.02,22087,22369,283,Car,2,400.27,35.22,36.09,35.50,41.19,1.15,9.15,0
950,4.95,1.92,22108,22472,365,Car,1,409.49,26.87,30.46,28.14,154.50,5.54,33.39,0
951,6.16,2.22,22117,22460,344,Car,2,409.39,29.35,30.99,29.85,397.48,13.47,99.11,0
952,5.05,2.02,22184,22446,263,Car,1,401.31,37.31,40.38,38.31,23.19,0.62,2.38,1
953,4.75,1.92,22242,22523,282,Car,2,410.09,36.14,37.10,36.51,213.04,5.87,136.83,0
954,4.85,1.82,22276,22585,310,Car,2,408.59,32.71,33.42,33.08,44.03,1.32,-1.00,0
955,4.85,2.02,22296,22567,272,Car,1,411.04,37.58,38.57,37.92,138.28,3.67,12.83,0
956,3.74,1.72,22318,22603,286,Car,2,402.97,34.42,36.82,35.37,29.02,0.79,8.53,0
957,4.95,2.02,22358,22631,274,Car,1,401.36,36.31,37.78,36.77,88.75,2.35,-1.00,0
958,16.98,2.50,22473,22881,409,Truck,2,407.35,24.83,25.20,24.97,-1.00,-1.00,-1.00,0
959,17.18,2.50,22489,22900,412,Truck,1,408.68,24.64,25.14,24.86,30.70,1.24,-1.00,0
960,4.75,2.02,22500,22714,215,Car,2,409.09,47.28,49.49,47.84,-1.00,-1.00,-1.00,0
961,4.65,1.82,22512,22753,242,Car,2,402.53,41.31,42.98,41.79,247.59,5.97,47.35,0
962,8.08,2.50,22517,22911,395,Truck,1,397.77,25.02,25.70,25.25,226.97,8.83,-1.00,0
963,4.75,1.92,22529,22817,289,Car,1,403.39,34.78,35.26,35.04,-1.00,-1.00,-1.00,1
964,12.33,2.83,22531,22950,420,Car,1,409.99,24.29,24.74,24.47,7.11,0.29,-1.00,1
965,9.55,2.12,22539,22940,402,Car,2,407.29,24.82,25.50,25.40,50.36,1.98,89.14,0
966,6.37,2.32,22551,22995,445,Car,1,401.64,22.22,23.04,22.62,12.71,0.55,-1.00,0
967,4.04,1.82,22563,23025,463,Car,1,410.68,21.14,24.23,22.23,27.93,1.17,-1.00,0
968,4.75,2.12,22585,22904,320,Car,1,410.78,30.82,33.10,32.21,26.33,0.85,3.32,1
969,4.65,2.02,22588,23038,451,Car,1,403.60,21.39,24.38,22.43,12.95,0.58,13.86,0
970,4.65,1.92,22603,22952,350,Car,2,400.94,27.76,29.62,28.74,18.62,0.64,5.10,1
971,4.55,2.02,22605,22944,340,Car,1,410.87,30.00,30.74,30.32,19.01,0.61,-1.00,0
972,17.08,2.50,22647,23081,435,Truck,1,387.09,21.91,22.82,22.30,33.51,1.50,36.91,0
973,4.85,1.92,22655,22926,272,Car,2,400.71,35.85,37.45,36.99,230.66,6.43,-1.00,1
974,5.05,2.32,22667,22981,315,Car,1,408.49,31.89,33.19,32.54,39.95,1.22,3.93,1
975,4.95,2.02,22705,23039,335,Car,1,401.22,23.58,33.86,30.04,35.79,1.24,6.60,0
976,6.67,2.50,22712,23170,459,Truck,1,407.65,21.75,22.86,22.26,20.95,0.94,233.64,0
977,5.56,2.12,22736,23014,279,Car,2,398.56,35.38,37.03,35.87,86.59,2.38,12.88,0
978,2.83,1.82,22762,23048,287,Car,2,402.48,34.93,36.22,35.21,34.00,0.97,-1.00,0
979,4.14,1.82,22782,23136,355,Car,1,409.35,21.75,34.84,28.92,23.34,1.03,8.40,1
980,4.45,1.92,22839,23156,318,Car,1,410.63,30.78,35.08,32.41,59.37,1.90,9.93,0
981,6.16,2.22,22873,23202,330,Car,1,400.39,23.48,36.51,30.44,31.76,1.04,6.99,1
982,15.06,2.50,22900,23305,406,Truck,1,389.55,23.82,24.37,24.05,23.31,0.96,133.73,0
983,4.75,2.02,22910,23239,330,Car,1,403.11,23.68,34.94,30.64,29.05,1.15,11.20,1
984,17.28,2.50,22981,23386,406,Truck,1,408.56,25.01,25.59,25.22,79.53,3.11,-1.00,0
985,17.18,2.50,22998,23406,409,Truck,1,387.80,23.54,24.31,23.77,9.44,0.40,325.61,1
986,16.88,2.50,23037,23470,434,Truck,2,408.25,23.45,23.90,23.58,73.01,3.10,-1.00,0
987,9.40,2.50,23050,23351,302,Truck,2,394.04,32.02,34.20,32.74,-1.00,-1.00,-1.00,1
988,10.11,2.53,23057,23482,426,Car,1,398.86,23.19,24.20,23.46,48.06,2.00,171.16,0
989,5.66,2.43,23070,23468,399,Car,1,409.70,24.38,27.86,25.75,34.72,1.40,16.16,0
990,4.65,1.82,23097,23359,263,Car,2,401.08,37.89,38.89,38.30,-1.00,-1.00,-1.00,0
991,20.21,2.50,23100,23527,428,Truck,1,406.59,22.68,25.03,23.78,9.26,0.38,-1.00,0
992,4.55,1.82,23109,23429,321,Car,2,409.19,31.36,33.44,31.98,73.08,2.33,-1.00,0
993,4.85,1.92,23117,23527,411,Car,1,403.18,23.27,25.88,24.59,32.53,1.38,22.17,0
994,4.45,1.82,23130,23380,251,Car,2,401.66,39.83,40.56,40.19,28.59,0.70,14.65,0
995,6.16,2.32,23158,23485,328,Car,1,401.86,29.82,31.78,30.73,20.65,0.68,3.16,1
996,3.64,1.72,23159,23415,257,Car,2,409.08,39.37,40.82,39.97,41.92,1.04,108.03,0
997,16.98,2.50,23163,23577,415,Truck,1,407.92,23.24,25.96,24.64,24.17,0.97,23.30,1
998,4.14,1.92,23164,23445,282,Car,2,400.60,35.01,37.32,35.66,18.21,0.50,8.72,1
999,4.45,1.82,23183,23433,251,Car,2,409.72,40.60,42.13,41.00,25.88,0.62,20.60,0
1000,4.85,2.02,23248,23651,404,Car,1,410.47,23.89,26.23,25.47,24.43,0.96,68.60,0
1001,4.85,2.02,23263,23593,331,Car,1,402.59,26.18,33.83,30.51,47.37,1.57,7.97,1
1002,3.64,1.72,23281,23571,291,Car,2,407.47,34.19,37.50,35.14,5.79,0.17,-1.00,0
1003,4.65,1.92,23290,23531,242,Car,2,403.09,41.24,42.53,41.84,145.17,3.48,20.79,1
1004,4.85,2.02,23321,23552,232,Car,2,402.16,40.15,47.21,43.56,45.97,1.14,28.85,0
1005,4.04,1.72,23336,23630,295,Car,2,408.64,34.48,35.56,34.76,71.83,2.07,178.03,0
1006,4.75,1.92,23341,23698,358,Car,1,411.57,28.53,29.40,28.84,99.33,3.38,24.91,0
1007,3.94,1.82,23373,23742,370,Car,1,409.64,26.94,29.55,27.76,32.54,1.10,25.52,1
1008,5.26,2.02,23378,23631,254,Car,2,408.93,39.51,41.39,40.44,86.78,2.19,-1.00,0
1009,15.41,2.50,23378,23734,357,Truck,2,368.90,25.77,26.31,25.93,257.72,9.99,105.24,0
1010,4.65,1.92,23399,23664,266,Car,2,409.06,37.37,41.03,38.61,28.81,0.74,11.25,1
1011,4.55,2.02,23419,23733,315,Car,2,409.11,32.34,33.31,32.59,32.72,1.00,-1.00,0
1012,4.95,1.82,23436,23742,307,Car,2,400.57,32.24,33.18,32.74,14.14,0.43,27.07,0
1013,4.75,1.92,23439,23701,263,Car,2,398.69,37.83,38.24,38.07,54.43,1.44,-1.00,0
1014,14.55,2.50,23440,23862,423,Truck,1,408.11,23.96,24.54,24.18,99.03,4.04,-1.00,0
1015,18.70,2.50,23442,23857,416,Truck,2,408.59,24.35,25.10,24.62,88.86,3.65,-1.00,0
1016,4.55,1.92,23458,23875,418,Car,1,410.28,23.79,26.48,24.60,94.31,3.56,-1.00,0
1017,4.24,1.82,23472,23782,311,Car,2,401.87,31.86,33.99,32.43,43.42,1.34,135.52,0
1018,4.65,1.92,23481,23902,422,Car,1,410.19,22.94,28.68,24.37,13.25,0.54,8.25,1
1019,4.65,1.82,23492,23807,316,Car,2,408.66,31.95,33.01,32.45,19.67,0.60,23.24,0
1020,16.98,2.50,23511,23936,426,Truck,1,409.00,23.80,24.54,24.07,14.76,0.60,13.78,0
1021,16.98,2.50,23513,23923,411,Truck,2,407.24,24.64,25.34,24.84,49.06,1.97,110.36,0
1022,5.15,1.92,23545,23811,267,Car,2,399.31,36.92,38.28,37.55,156.87,4.10,516.95,0
1023,4.95,2.02,23552,23872,321,Car,2,408.83,31.40,32.89,31.96,70.54,2.18,126.11,0
1024,18.49,2.50,23586,23998,413,Truck,2,407.86,24.48,25.13,24.76,54.32,2.19,983.99,0
1025,4.95,1.82,23596,23872,277,Car,2,404.82,36.30,37.55,36.70,14.73,0.40,2.89,1
1026,14.86,2.50,23613,24009,397,Truck,1,389.37,24.39,24.94,24.59,147.67,6.05,156.43,0
1027,5.46,2.12,23616,23982,367,Car,1,409.86,26.49,30.69,28.01,43.84,1.65,14.21,0
1028,4.45,1.82,23633,24008,376,Car,1,411.11,25.95,31.12,27.43,17.68,0.56,32.61,0
1029,4.65,1.92,23646,23889,244,Car,1,411.84,41.73,42.93,42.39,-1.00,-1.00,-1.00,0
1030,6.97,2.53,23649,23986,338,Truck,2,396.58,29.14,29.73,29.43,72.68,2.48,-1.00,0
1031,10.11,2.12,23650,24047,398,Car,2,408.44,24.78,27.20,25.73,42.51,1.59,27.44,0
1032,5.46,2.12,23675,23949,275,Car,2,409.99,36.28,39.22,37.42,111.78,2.96,312.57,0
1033,4.55,1.82,23728,24060,333,Car,1,404.23,30.17,30.97,30.47,71.84,2.37,12.56,1
1034,5.46,1.92,23742,24019,278,Car,2,401.60,34.23,39.11,36.27,95.49,2.76,18.92,1
1035,5.36,2.12,23766,24050,285,Car,2,407.83,34.79,38.44,35.91,17.73,0.50,5.87,1
1036,5.05,1.92,23800,24150,351,Car,1,409.44,28.72,30.85,29.26,79.96,2.61,33.70,1
1037,17.08,2.50,23812,24216,405,Truck,1,387.23,23.75,24.35,23.97,31.24,1.30,-1.00,0
1038,5.05,2.02,23862,24147,286,Car,2,409.92,35.73,36.46,35.98,215.41,5.99,33.79,0
1039,16.88,2.50,23903,24329,427,Truck,1,406.40,23.29,24.50,23.85,70.52,2.99,149.42,0
1040,16.88,2.50,23922,24332,411,Truck,2,408.05,24.64,25.60,24.89,258.57,10.49,-1.00,0
1041,4.75,2.02,23954,24301,348,Car,1,410.62,29.18,30.48,29.60,178.97,5.88,57.42,0
1042,4.65,2.02,23976,24323,348,Car,1,408.75,29.27,29.86,29.46,19.92,0.66,108.87,0
1043,17.08,2.50,24003,24411,409,Truck,2,406.82,24.80,25.23,24.94,60.98,2.45,232.14,0
1044,17.28,2.50,24062,24462,401,Truck,1,407.74,25.26,25.84,25.49,116.82,4.61,53.32,0
1045,16.88,2.50,24076,24485,410,Truck,2,407.78,24.67,25.18,24.93,56.02,2.25,307.90,0
1046,4.85,2.02,24093,24373,281,Car,2,401.91,35.69,36.53,35.90,326.77,9.10,-1.00,0
1047,5.05,2.22,24131,24430,300,Car,1,410.67,34.04,34.95,34.35,143.18,4.18,28.84,0
1048,4.75,1.82,24201,24459,259,Car,2,410.41,39.22,41.08,39.80,127.03,3.18,37.00,0
1049,6.97,2.63,24294,24676,383,Truck,2,405.28,25.65,26.97,26.53,196.32,7.33,102.95,0
1050,3.94,1.82,24326,24639,314,Car,1,409.84,31.17,35.30,32.74,221.45,6.68,26.80,0
1051,4.55,1.92,24393,24688,296,Car,2,409.88,34.41,35.77,34.77,-1.00,-1.00,-1.00,0
1052,5.15,2.12,24426,24839,414,Car,2,410.11,24.56,25.21,24.84,138.64,5.56,-1.00,0
1053,6.06,2.22,24494,24780,287,Car,1,410.50,33.48,40.34,35.89,184.91,5.26,28.02,2
1054,13.34,2.50,24539,24912,374,Truck,1,391.03,25.96,26.66,26.23,25.91,0.99,-1.00,0
1055,5.46,2.12,24560,24861,302,Car,1,409.61,32.78,35.93,34.04,102.64,3.07,-1.00,2
1056,17.08,2.50,24577,25007,431,Truck,1,408.99,23.60,24.06,23.78,22.89,0.95,-1.00,0
1057,17.28,2.50,24586,24988,403,Truck,1,408.17,25.13,25.82,25.39,41.45,1.62,-1.00,0
1058,4.95,2.02,24624,24890,267,Car,1,404.32,37.52,39.14,38.03,83.48,2.15,20.01,1
1059,9.50,2.50,24671,25097,427,Truck,2,406.38,23.73,24.25,23.85,232.96,9.78,-1.00,0
1060,16.37,2.50,24673,25080,408,Truck,2,408.54,24.87,25.61,25.10,35.01,1.40,-1.00,0
1061,4.75,1.92,24689,24934,246,Car,2,402.00,40.44,41.72,41.05,-1.00,-1.00,-1.00,1
1062,5.05,2.02,24704,24962,259,Car,1,403.47,38.83,39.95,39.13,109.46,2.81,60.73,0
1063,15.46,2.50,24719,25141,423,Truck,1,408.06,24.00,24.64,24.18,14.07,0.58,-1.00,0
1064,16.78,2.50,24737,25153,417,Truck,2,405.52,23.97,24.61,24.38,37.14,1.53,52.12,0
1065,4.35,1.92,24744,25019,276,Car,1,410.59,37.06,37.80,37.34,57.80,1.53,-1.00,0
1066,6.67,2.50,24774,25097,324,Truck,1,399.04,29.00,31.43,30.89,37.78,1.21,-1.00,1
1067,17.18,2.50,24779,25211,433,Truck,1,408.43,22.45,24.46,23.65,41.25,1.80,135.35,0
1068,5.15,2.12,24800,25114,315,Car,1,401.80,30.75,34.59,32.01,18.58,0.56,5.63,0
1069,4.85,1.92,24928,25251,324,Car,1,410.71,30.16,33.47,31.80,302.73,9.31,34.22,0
1070,5.15,1.92,24974,25220,247,Car,2,402.08,40.56,41.62,40.87,231.68,5.71,15.49,1
1071,19.30,2.50,24981,25408,428,Truck,2,406.73,23.68,24.29,23.82,18.16,0.76,-1.00,0
1072,4.35,1.82,24989,25301,313,Car,2,409.68,32.58,33.88,32.85,19.78,0.60,21.78,1
1073,4.24,1.82,24998,25235,238,Car,2,408.30,42.34,44.17,43.10,-1.00,-1.00,-1.00,0
1074,4.55,1.82,25013,25318,306,Car,1,404.14,32.69,33.66,33.14,90.47,2.72,29.67,0
1075,4.45,1.82,25032,25321,290,Car,2,402.34,34.63,35.24,34.83,28.77,0.83,3.33,1
1076,5.05,2.12,25038,25287,250,Car,2,409.54,40.71,41.89,41.14,64.84,1.55,-1.00,1
1077,4.65,1.82,25080,25369,290,Car,2,401.00,34.45,35.29,34.72,61.38,1.76,556.00,0
1078,4.65,1.92,25116,25401,286,Car,1,410.62,35.66,36.62,36.03,267.43,7.43,23.11,0
1079,7.18,2.50,25133,25502,370,Truck,2,405.93,26.81,28.13,27.52,93.96,3.47,27.59,0
1080,4.75,1.92,25194,25515,322,Car,2,407.28,30.96,32.93,31.73,152.46,4.92,-1.00,0
1081,17.08,2.50,25195,25606,412,Truck,1,408.65,24.62,25.31,24.86,222.53,8.79,-1.00,0
1082,4.75,1.82,25410,25762,353,Car,2,408.32,28.19,29.75,29.01,298.22,10.35,166.22,0
1083,4.85,1.82,25435,25679,245,Car,2,399.56,40.59,41.69,40.96,-1.00,-1.00,-1.00,0
1084,16.78,2.50,25481,25908,428,Truck,2,405.29,23.39,23.92,23.73,26.35,1.11,-1.00,0
1085,4.65,1.82,25499,25841,343,Car,2,407.44,29.13,30.31,29.79,88.34,2.98,-1.00,1
1086,7.88,2.73,25541,25885,345,Car,2,399.01,28.52,29.16,29.01,43.53,1.52,-1.00,0
1087,17.08,2.50,25562,25989,428,Truck,2,406.90,23.71,24.38,23.84,59.46,2.50,249.90,0
1088,6.16,2.22,25573,25882,310,Car,2,409.69,32.31,34.37,33.17,220.82,6.83,-1.00,0
1089,5.05,2.02,25606,25884,279,Car,1,410.80,36.30,37.79,36.95,-1.00,-1.00,-1.00,0
1090,6.06,2.12,25632,25933,302,Car,2,407.53,33.09,34.53,33.87,49.67,1.45,10.04,0
1091,4.65,1.82,25682,26027,346,Car,1,410.34,29.64,29.95,29.74,-1.00,-1.00,-1.00,0
1092,4.65,2.02,25694,26024,331,Car,2,410.00,29.61,32.60,31.07,81.91,2.65,11.44,1
1093,4.95,2.02,25700,25976,277,Car,1,403.08,36.18,36.96,36.52,132.78,3.61,228.79,0
1094,5.56,2.12,25769,26050,282,Car,2,409.45,36.14,37.25,36.45,51.07,1.41,11.26,1
1095,5.05,2.22,25779,26102,324,Car,1,402.39,30.16,33.42,31.16,93.76,3.09,28.99,0
1096,4.75,2.02,25828,26158,331,Car,1,402.86,28.68,33.51,30.54,55.59,1.76,56.69,1
1097,15.66,2.50,25833,26206,374,Truck,2,409.15,27.29,28.06,27.44,12.10,0.44,62.90,0
1098,4.55,2.02,25860,26131,272,Car,2,410.15,37.52,38.61,37.86,121.53,3.23,30.25,1
1099,17.38,2.50,25862,26253,392,Truck,1,387.25,24.55,25.16,24.77,32.04,1.27,-1.00,0
1100,5.05,2.02,25868,26162,295,Car,2,403.06,33.84,35.09,34.29,20.50,0.60,80.66,1
1101,4.75,2.02,25871,26152,282,Car,1,403.20,35.65,36.52,35.90,51.61,1.41,13.42,0
1102,5.05,2.02,25902,26180,279,Car,1,401.04,33.91,37.68,36.09,31.33,0.87,25.13,0
1103,18.90,2.50,25912,26347,436,Truck,2,408.25,23.32,23.85,23.47,66.36,2.83,-1.00,0
1104,4.65,1.92,25918,26201,284,Car,1,403.69,32.89,37.98,35.67,19.86,0.55,-1.00,2
1105,5.76,2.32,25928,26240,313,Car,1,410.03,32.42,33.50,32.87,28.17,0.87,-1.00,0
1106,4.65,1.82,25961,26400,440,Car,2,409.90,23.23,23.47,23.35,44.04,1.88,1129.97,0
1107,6.16,2.22,25977,26262,286,Car,2,401.80,35.06,35.54,35.26,136.26,3.88,86.99,0
1108,4.75,2.02,26008,26309,302,Car,1,403.78,32.53,34.89,33.55,91.84,2.74,46.94,1
1109,5.15,2.02,26033,26304,272,Car,2,411.35,37.42,38.73,37.98,68.53,1.81,25.66,1
1110,4.45,2.02,26096,26362,267,Car,2,409.61,37.94,39.42,38.51,88.91,2.34,46.43,0
1111,15.06,2.50,26098,26502,405,Truck,1,389.51,23.89,24.49,24.11,170.05,7.11,-1.00,0
1112,4.24,1.92,26130,26401,272,Car,2,401.77,36.88,37.52,37.08,47.14,1.28,-1.00,0
1113,4.45,1.92,26136,26395,260,Car,1,410.37,39.25,40.78,39.64,-1.00,-1.00,-1.00,0
1114,16.88,2.50,26143,26548,406,Truck,2,408.59,25.08,25.54,25.24,132.57,5.26,67.57,0
1115,4.14,1.92,26151,26426,276,Car,1,409.87,36.78,38.33,37.28,169.31,4.58,36.88,0
1116,16.98,2.50,26219,26618,400,Truck,1,387.01,23.99,24.67,24.26,97.22,4.03,161.57,0
1117,5.15,2.12,26268,26606,339,Car,2,401.35,29.44,30.72,29.70,73.44,2.45,16.49,0
1118,7.88,2.53,26271,26570,300,Car,1,408.96,33.84,34.85,34.20,171.79,4.93,-1.00,0
1119,17.18,2.50,26301,26704,404,Truck,1,385.16,23.45,24.24,23.90,61.49,2.61,-1.00,0
1120,4.24,1.82,26305,26550,246,Car,1,402.22,40.65,41.84,41.06,255.68,6.23,103.31,0
1121,8.29,2.50,26353,26795,443,Truck,1,396.74,21.24,24.44,22.44,42.40,1.90,-1.00,0
1122,6.97,2.43,26398,26716,319,Car,2,409.87,31.83,32.88,32.24,390.17,12.04,-1.00,0
1123,4.14,1.92,26424,26784,361,Car,1,409.86,28.18,28.91,28.47,32.47,1.14,4.52,1
1124,4.55,1.92,26441,26852,412,Car,1,410.23,23.19,27.01,24.96,17.22,0.64,10.52,1
1125,16.98,2.50,26453,26869,417,Truck,2,408.72,24.42,24.82,24.57,200.20,8.14,-1.00,0
1126,17.08,2.50,26481,26912,432,Truck,1,408.57,23.46,24.06,23.71,23.12,0.96,74.64,1
1127,4.45,1.92,26502,26788,287,Car,2,409.39,35.47,36.50,35.81,-1.00,-1.00,-1.00,0
1128,5.05,2.12,26504,26956,453,Car,1,408.43,21.89,23.85,22.60,17.78,0.75,-1.00,0
1129,6.06,2.53,26528,26869,342,Car,2,398.34,29.06,29.64,29.21,159.86,5.49,-1.00,0
1130,4.65,2.02,26532,26812,281,Car,1,401.68,35.49,36.66,35.89,45.28,1.26,6.29,1
1131,4.04,1.82,26562,26906,345,Car,2,409.98,29.13,30.88,29.81,30.02,1.02,20.30,0
1132,4.45,1.92,26585,26938,354,Car,2,410.59,27.98,30.05,29.10,23.06,0.82,55.61,0
1133,16.98,2.50,26618,27045,428,Truck,2,408.05,23.73,24.10,23.90,144.99,6.09,-1.00,0
1134,5.56,2.12,26619,26921,303,Car,1,401.55,32.81,34.45,33.26,28.59,0.86,3.07,1
1135,4.70,1.72,26676,26962,287,Car,2,403.23,34.70,35.87,35.27,36.51,1.03,6.97,1
1136,4.65,1.92,26707,26996,290,Car,2,401.53,34.35,35.24,34.76,38.47,1.11,87.76,1
1137,12.03,2.50,26755,27157,403,Truck,1,408.23,25.20,25.77,25.40,169.69,6.58,149.99,0
1138,4.95,2.12,26781,27093,313,Car,1,409.01,32.24,33.99,32.79,210.20,6.40,-1.00,0
1139,4.55,1.92,26810,27168,359,Car,1,410.29,24.69,33.36,28.65,222.17,7.65,24.89,0
1140,6.37,2.50,26836,27129,294,Truck,1,398.49,33.80,34.29,34.01,19.45,0.57,2.23,1
1141,4.75,1.82,26873,27133,261,Car,2,409.65,38.71,40.70,39.41,206.14,5.31,53.74,0
1142,5.15,2.12,26894,27176,283,Car,2,408.90,35.92,37.03,36.28,185.98,5.16,15.53,0
1143,5.36,1.92,26904,27224,321,Car,1,409.69,29.39,35.08,32.02,61.44,2.02,10.75,2
1144,4.55,1.92,26905,27160,256,Car,2,408.19,39.52,41.14,40.05,40.95,1.01,35.57,0
1145,6.57,2.50,26913,27336,424,Truck,1,407.78,23.61,24.62,24.11,13.62,0.56,-1.00,0
1146,3.74,1.72,26946,27246,301,Car,2,404.84,32.37,35.16,33.76,72.82,2.09,-1.00,0
1147,8.29,2.50,26948,27353,406,Truck,1,408.86,24.97,25.94,25.25,61.07,2.38,-1.00,0
1148,16.98,2.50,26996,27383,388,Truck,1,387.80,24.90,25.40,25.06,50.63,2.01,42.50,0
1149,4.45,1.82,27018,27282,265,Car,2,401.62,37.72,38.60,38.04,174.81,4.61,-1.00,0
1150,4.35,1.92,27052,27361,310,Car,1,403.82,32.01,33.83,32.70,290.20,8.58,-1.00,0
1151,4.65,1.92,27057,27352,296,Car,2,410.64,34.47,35.65,34.83,28.79,0.83,-1.00,0
1152,4.55,1.92,27062,27312,251,Car,2,402.46,39.57,41.06,40.28,44.21,1.11,29.69,1
1153,4.65,1.82,27089,27377,289,Car,1,404.30,33.13,37.08,35.12,16.48,0.49,9.96,0
1154,5.15,2.22,27092,27420,329,Car,1,401.98,29.32,33.23,30.66,26.64,0.88,5.55,1
1155,3.84,1.72,27093,27498,406,Car,2,409.77,25.09,25.71,25.31,33.69,1.32,-1.00,0
1156,4.85,2.02,27109,27436,328,Car,1,409.70,29.73,32.59,31.33,96.28,3.09,16.61,0
1157,5.15,2.12,27116,27388,273,Car,1,403.35,33.56,41.72,37.09,10.59,0.31,4.98,0
1158,4.65,1.92,27135,27445,311,Car,2,402.10,31.94,32.82,32.45,104.53,3.20,-1.00,1
1159,4.75,2.22,27145,27468,324,Car,1,410.32,28.74,35.55,31.77,43.06,1.42,17.14,0
1160,17.08,2.50,27154,27546,393,Truck,2,408.12,25.93,26.44,26.04,32.95,1.26,44.85,0
1161,4.85,2.02,27171,27449,279,Car,2,401.71,35.79,37.12,36.15,172.41,4.80,-1.00,0
1162,4.45,1.92,27177,27465,289,Car,2,409.70,34.99,37.27,35.59,5.33,0.15,15.75,1
1163,5.05,1.92,27199,27490,292,Car,2,409.60,34.13,36.48,35.21,25.23,0.71,30.03,0
1164,5.26,2.02,27212,27506,295,Car,1,403.03,32.36,35.87,34.29,94.38,2.83,25.98,0
1165,5.05,1.92,27224,27513,290,Car,2,409.74,34.36,36.63,35.46,23.87,0.68,16.44,0
1166,5.05,2.02,27243,27525,283,Car,2,401.70,34.43,37.10,35.65,17.32,0.50,18.73,1
1167,17.08,2.50,27249,27661,413,Truck,2,408.45,24.55,25.47,24.79,82.04,3.34,-1.00,0
1168,4.55,1.82,27255,27543,289,Car,2,410.10,34.11,37.06,35.61,10.94,0.31,6.66,0
1169,4.35,1.92,27282,27564,283,Car,2,410.39,35.47,37.09,36.40,42.76,1.20,37.89,0
1170,9.90,2.50,27315,27718,404,Truck,1,408.20,25.07,25.65,25.33,214.72,8.40,-1.00,0
1171,17.08,2.50,27379,27846,468,Truck,2,407.57,21.52,22.41,21.82,111.42,5.10,-1.00,0
1172,4.85,2.02,27394,27769,376,Car,1,409.39,26.25,29.29,27.30,55.69,2.02,19.75,1
1173,5.15,1.92,27404,27682,279,Car,2,409.60,36.48,37.94,36.85,170.57,4.64,144.30,0
1174,6.67,2.53,27414,27834,421,Truck,2,407.88,23.10,26.86,24.29,5.80,0.23,1.93,1
1175,4.85,1.92,27440,27718,279,Car,2,409.23,36.53,37.64,36.83,47.50,1.29,184.71,0
1176,5.15,2.22,27476,27769,294,Car,1,402.60,33.62,35.38,34.38,38.94,1.15,6.08,0
1177,4.65,2.02,27478,27758,281,Car,2,410.49,36.38,37.49,36.67,51.58,1.40,3226.84,0
1178,3.74,1.72,27525,27854,330,Car,1,404.41,29.59,32.49,30.74,64.79,1.99,28.68,1
1179,4.35,1.92,27550,27833,284,Car,2,410.34,36.05,36.63,36.26,54.52,1.51,4.77,1
1180,4.45,1.82,27592,27905,314,Car,2,409.76,32.41,33.52,32.75,56.34,1.71,14.95,0
1181,16.98,2.50,27610,28047,438,Truck,1,408.08,23.15,23.77,23.35,89.71,3.78,-1.00,1
1182,4.85,2.02,27628,27860,233,Car,2,409.30,42.38,45.42,44.14,40.65,0.95,6.30,0
1183,17.08,2.50,27673,28059,387,Truck,1,387.84,23.97,26.05,25.13,15.38,0.62,8.86,0
1184,8.29,2.50,27730,28156,427,Truck,1,407.72,23.04,25.22,23.94,104.94,4.27,83.89,0
1185,4.35,1.82,27733,27961,229,Car,2,401.01,42.97,44.75,43.99,98.49,2.28,10.17,1
1186,16.98,2.50,27746,28149,404,Truck,2,407.98,25.11,25.86,25.32,44.62,1.75,-1.00,0
1187,17.08,2.50,27749,28154,406,Truck,2,385.26,23.60,24.06,23.79,296.96,12.47,173.13,0
1188,4.55,1.92,27839,28120,282,Car,2,408.59,36.25,36.80,36.39,40.28,1.11,3.61,1
1189,4.65,2.02,27849,28092,244,Car,1,402.55,41.07,41.99,41.44,136.96,3.29,8.12,1
1190,4.95,1.92,27942,28217,276,Car,1,410.11,36.40,39.72,37.29,205.73,5.59,16.94,0
1191,19.00,2.50,27944,28348,405,Truck,2,383.84,23.66,23.87,23.76,166.36,6.98,1169.61,0
1192,4.55,2.02,27964,28245,282,Car,2,410.57,35.99,36.79,36.54,135.94,3.70,12.47,0
1193,12.43,2.32,28161,28472,312,Car,2,394.06,31.42,32.27,31.71,273.70,8.48,-1.00,0
1194,5.26,2.12,28167,28450,284,Car,1,403.26,34.75,36.57,35.63,331.51,9.06,-1.00,0
1195,7.68,2.50,28168,28535,368,Truck,1,408.16,27.51,28.32,27.82,-1.00,-1.00,-1.00,0
1196,8.08,2.50,28237,28582,346,Truck,1,344.27,24.69,25.40,24.96,70.59,2.78,-1.00,0
1197,4.35,1.92,28249,28554,306,Car,2,409.32,32.27,35.08,33.57,93.95,2.74,41.34,0
1198,16.17,2.50,28249,28582,334,Truck,2,335.38,25.07,25.31,25.19,268.26,10.62,172.36,0
1199,11.62,2.50,28250,28582,333,Truck,1,338.86,25.36,25.98,25.53,107.81,4.15,-1.00,0
1200,4.24,1.82,28281,28582,302,Car,2,396.06,32.30,33.88,32.91,36.53,1.11,68.54,0
1201,4.65,1.92,28304,28582,279,Car,2,402.79,35.91,37.03,36.24,-1.00,-1.00,-1.00,0
1202,4.45,1.92,28320,28582,263,Car,2,384.06,36.15,37.23,36.67,13.29,0.36,12.06,0
1203,4.14,1.82,28321,28582,262,Car,1,291.52,26.91,30.28,27.93,49.24,1.83,15.42,0
1204,16.78,2.50,28326,28582,257,Truck,2,258.06,25.16,25.34,25.23,60.36,2.38,398.36,0
1205,5.15,1.92,28342,28582,241,Car,2,348.19,35.70,36.80,36.29,26.22,0.71,55.25,0
1206,4.65,1.92,28382,28582,201,Car,1,244.20,27.47,34.33,30.53,42.76,1.55,11.70,0
1207,17.18,2.50,28395,28582,188,Truck,2,179.90,24.00,24.15,24.07,53.16,2.21,-1.00,0
1208,4.75,2.02,28398,28582,185,Car,2,278.03,37.57,38.22,37.81,64.64,1.69,34.34,0
1209,17.38,2.50,28402,28582,181,Truck,2,179.88,24.85,25.10,25.00,140.01,5.63,-1.00,0
1210,4.35,1.92,28420,28582,163,Car,2,247.41,37.19,38.53,38.22,27.66,0.72,37.19,0
1211,5.05,1.92,28460,28582,123,Car,2,180.15,36.91,37.04,36.97,54.21,1.46,-1.00,0
1212,4.55,1.92,28466,28582,117,Car,1,190.19,39.17,42.04,41.01,144.93,3.70,10.65,0
1213,11.93,2.50,28472,28582,111,Truck,2,104.02,23.58,23.70,23.67,62.34,2.64,-1.00,0
1214,4.95,1.92,28495,28582,88,Car,2,124.54,35.63,35.95,35.86,45.84,1.27,-1.00,0
1215,4.45,1.72,28524,28582,59,Car,1,75.09,32.34,32.45,32.41,164.41,5.08,33.74,0
1216,5.66,2.22,28525,28582,58,Truck,2,80.30,34.91,35.64,35.30,35.26,1.01,6553.07,0
